game_id,game_date,attendance
22000063,2020-12-31,15353
22000068,2020-12-31,15353
22000065,2020-12-31,15353
22000064,2020-12-31,15353
22000067,2020-12-31,15353
22000062,2020-12-31,15353
22000066,2020-12-31,0
22000074,2021-01-01,15353
22000077,2021-01-01,15353
22000075,2021-01-01,15353
22000070,2021-01-01,15353
22000071,2021-01-01,15353
22000076,2021-01-01,15353
22000069,2021-01-01,15353
22000073,2021-01-01,15353
22000072,2021-01-01,15353
22000078,2021-01-01,15353
22000082,2021-01-02,15353
22000084,2021-01-02,15353
22000079,2021-01-02,15353
22000080,2021-01-02,15353
22000081,2021-01-02,15353
22000083,2021-01-02,15353
22000092,2021-01-03,15353
22000085,2021-01-03,15353
22000088,2021-01-03,15353
22000087,2021-01-03,15353
22000089,2021-01-03,15353
22000091,2021-01-03,15353
22000086,2021-01-03,15353
22000090,2021-01-03,15353
22000099,2021-01-04,15353
22000095,2021-01-04,15353
22000098,2021-01-04,15353
22000100,2021-01-04,15353
22000093,2021-01-04,15353
22000097,2021-01-04,15353
22000101,2021-01-04,15353
22000094,2021-01-04,15353
22000096,2021-01-04,15353
22000106,2021-01-05,15353
22000102,2021-01-05,15353
22000103,2021-01-05,15353
22000105,2021-01-05,15353
22000104,2021-01-05,15353
22000109,2021-01-06,15353
22000117,2021-01-06,15353
22000107,2021-01-06,15353
22000114,2021-01-06,15353
22000111,2021-01-06,15353
22000110,2021-01-06,15353
22000115,2021-01-06,15353
22000112,2021-01-06,15353
22000113,2021-01-06,15353
22000108,2021-01-06,15353
22000116,2021-01-06,15353
22000118,2021-01-07,15353
22000121,2021-01-07,15353
22000120,2021-01-07,15353
22000119,2021-01-07,15353
22000122,2021-01-07,15353
22000123,2021-01-08,15353
22000132,2021-01-08,15353
22000124,2021-01-08,15353
22000129,2021-01-08,15353
22000127,2021-01-08,15353
22000131,2021-01-08,0
22000128,2021-01-08,15353
22000125,2021-01-08,15353
22000126,2021-01-08,15353
22000130,2021-01-08,15353
22000137,2021-01-09,15353
22000138,2021-01-09,15353
22000135,2021-01-09,15353
22000136,2021-01-09,15353
22000134,2021-01-09,15353
22000139,2021-01-09,15353
22000140,2021-01-09,15353
22000133,2021-01-09,15353
22000147,2021-01-10,15353
22000142,2021-01-10,15353
22000141,2021-01-10,15353
22000146,2021-01-10,15353
22000148,2021-01-10,15353
22000144,2021-01-10,15353
22000143,2021-01-10,15353
22000153,2021-01-11,15353
22000150,2021-01-11,15353
22000156,2021-01-11,15353
22000151,2021-01-11,0
22000152,2021-01-11,15353
22000155,2021-01-11,15353
22000149,2021-01-11,15353
22000161,2021-01-12,15353
22000159,2021-01-12,15353
22000162,2021-01-12,15353
22000163,2021-01-12,15353
22000157,2021-01-12,15353
22000158,2021-01-12,15353
22000165,2021-01-13,15353
22000169,2021-01-13,15353
22000172,2021-01-13,15353
22000168,2021-01-13,15353
22000164,2021-01-13,15353
22000170,2021-01-13,15353
22000173,2021-01-13,15353
22000175,2021-01-14,15353
22000177,2021-01-14,15353
22000174,2021-01-14,15353
22000176,2021-01-14,15353
22000178,2021-01-14,15353
22000182,2021-01-15,15353
22000188,2021-01-15,15353
22000186,2021-01-15,0
22000181,2021-01-15,15353
22000184,2021-01-15,15353
22000187,2021-01-15,15353
22000180,2021-01-15,15353
22000191,2021-01-16,15353
22000195,2021-01-16,15353
22000190,2021-01-16,15353
22000193,2021-01-16,15353
22000192,2021-01-16,15353
22000189,2021-01-16,15353
22000196,2021-01-17,15353
22000200,2021-01-17,15353
22000198,2021-01-17,15353
22000202,2021-01-17,15353
22000201,2021-01-17,15353
22000207,2021-01-18,15353
22000208,2021-01-18,15353
22000209,2021-01-18,15353
22000205,2021-01-18,15353
22000206,2021-01-18,15353
22000210,2021-01-18,15353
22000211,2021-01-18,15353
22000212,2021-01-18,0
22000203,2021-01-18,15353
22000214,2021-01-19,15353
22000213,2021-01-19,15353
22000217,2021-01-20,15353
22000219,2021-01-20,15353
22000224,2021-01-20,15353
22000223,2021-01-20,15353
22000220,2021-01-20,15353
22000221,2021-01-20,15353
22000222,2021-01-20,15353
22000216,2021-01-20,0
22000218,2021-01-20,15353
22000226,2021-01-21,0
22000227,2021-01-21,15353
22000228,2021-01-21,15353
22000233,2021-01-22,15353
22000237,2021-01-22,15353
22000232,2021-01-22,15353
22000234,2021-01-22,15353
22000238,2021-01-22,15353
22000241,2021-01-22,15353
22000230,2021-01-22,0
22000229,2021-01-22,15353
22000239,2021-01-22,15353
22000231,2021-01-22,15353
22000236,2021-01-22,15353
22000244,2021-01-23,15353
22000242,2021-01-23,15353
22000246,2021-01-23,15353
22000245,2021-01-23,15353
22000243,2021-01-23,15353
22000248,2021-01-23,15353
22000247,2021-01-23,15353
22000254,2021-01-24,0
22000256,2021-01-24,15353
22000250,2021-01-24,15353
22000249,2021-01-24,15353
22000252,2021-01-24,15353
22000253,2021-01-24,15353
22000251,2021-01-24,15353
22000267,2021-01-25,15353
22000265,2021-01-25,15353
22000258,2021-01-25,15353
22000260,2021-01-25,15353
22000257,2021-01-25,15353
22000262,2021-01-25,15353
22000261,2021-01-25,15353
22000266,2021-01-25,15353
22000259,2021-01-25,3167
22000268,2021-01-26,1180
22000270,2021-01-26,1932
22000269,2021-01-26,2996
22000276,2021-01-27,15353
22000273,2021-01-27,3216
22000275,2021-01-27,0
22000281,2021-01-27,15353
22000271,2021-01-27,15353
22000282,2021-01-27,15353
22000272,2021-01-27,1944
22000279,2021-01-27,750
22000277,2021-01-27,15353
22000280,2021-01-27,15353
22000283,2021-01-27,15353
22000274,2021-01-27,1008
22000284,2021-01-28,15353
22000286,2021-01-28,15353
22000285,2021-01-28,15353
22000287,2021-01-28,3154
22000290,2021-01-29,15353
22000288,2021-01-29,15353
22000297,2021-01-29,1932
22000291,2021-01-29,0
22000295,2021-01-29,15353
22000289,2021-01-29,3763
22000292,2021-01-29,15353
22000294,2021-01-29,15353
22000296,2021-01-29,15353
22000293,2021-01-29,1440
22000300,2021-01-30,1440
22000305,2021-01-30,15353
22000302,2021-01-30,15353
22000299,2021-01-30,15353
22000301,2021-01-30,15353
22000298,2021-01-30,15353
22000304,2021-01-30,15353
22000303,2021-01-30,0
22000311,2021-01-31,0
22000309,2021-01-31,15353
22000306,2021-01-31,15353
22000310,2021-01-31,15353
22000308,2021-01-31,15353
22000307,2021-01-31,15353
22000315,2021-02-01,15353
22000314,2021-02-01,15353
22000319,2021-02-01,15353
22000312,2021-02-01,0
22000320,2021-02-01,15353
22000316,2021-02-01,15353
22000318,2021-02-01,15353
22000313,2021-02-01,1341
22000317,2021-02-01,1440
22000323,2021-02-02,3211
22000324,2021-02-02,15353
22000325,2021-02-02,3902
22000322,2021-02-02,15353
22000326,2021-02-02,15353
22000559,2021-02-02,15353
22000333,2021-02-03,15353
22000332,2021-02-03,15353
22000334,2021-02-03,15353
22000331,2021-02-03,15353
22000335,2021-02-03,1440
22000327,2021-02-03,15353
22000336,2021-02-03,15353
22000328,2021-02-03,1944
22000330,2021-02-03,1259
22000329,2021-02-03,15353
22000340,2021-02-04,1762
22000338,2021-02-04,1261
22000339,2021-02-04,0
22000337,2021-02-04,15353
22000341,2021-02-04,15353
22000347,2021-02-05,15353
22000343,2021-02-05,15353
22000342,2021-02-05,0
22000349,2021-02-05,15353
22000344,2021-02-05,3535
22000345,2021-02-05,15353
22000350,2021-02-05,15353
22000346,2021-02-05,2720
22000348,2021-02-05,15353
22000352,2021-02-06,15353
22000354,2021-02-06,15353
22000359,2021-02-06,15353
22000361,2021-02-06,15353
22000355,2021-02-06,0
22000357,2021-02-06,2720
22000351,2021-02-06,15353
22000358,2021-02-06,3313
22000356,2021-02-06,991
22000360,2021-02-06,15353
22000353,2021-02-06,3880
22000366,2021-02-07,15353
22000215,2021-02-07,15353
22000363,2021-02-07,15353
22000365,2021-02-07,1493
22000364,2021-02-07,0
22000373,2021-02-08,15353
22000372,2021-02-08,1485
22000374,2021-02-08,0
22000370,2021-02-08,1000
22000368,2021-02-08,15353
22000367,2021-02-08,15353
22000369,2021-02-08,1844
22000371,2021-02-08,15353
22000381,2021-02-09,15353
22000376,2021-02-09,15353
22000375,2021-02-09,0
22000379,2021-02-09,3902
22000377,2021-02-09,0
22000378,2021-02-09,15353
22000380,2021-02-09,15353
22000383,2021-02-10,0
22000384,2021-02-10,1000
22000390,2021-02-10,15353
22000386,2021-02-10,1830
22000385,2021-02-10,15353
22000382,2021-02-10,15353
22000388,2021-02-10,15353
22000387,2021-02-10,15353
22000389,2021-02-10,1491
22000393,2021-02-11,15353
22000392,2021-02-11,3251
22000394,2021-02-11,15353
22000391,2021-02-11,15353
22000398,2021-02-11,0
22000395,2021-02-12,15353
22000401,2021-02-12,15353
22000399,2021-02-12,1514
22000402,2021-02-12,3902
22000405,2021-02-12,15353
22000400,2021-02-12,15353
22000397,2021-02-12,1451
22000396,2021-02-12,15353
22000404,2021-02-12,15353
22000403,2021-02-12,15353
22000412,2021-02-12,15353
22000407,2021-02-13,1393
22000409,2021-02-13,15353
22000410,2021-02-13,0
22000408,2021-02-13,15353
22000406,2021-02-13,1652
22000416,2021-02-14,15353
22000411,2021-02-14,2211
22000417,2021-02-14,1732
22000414,2021-02-14,15353
22000561,2021-02-14,15353
22000418,2021-02-14,0
22000560,2021-02-14,15353
22000413,2021-02-14,15353
22000415,2021-02-14,15353
22000419,2021-02-14,15353
22000426,2021-02-15,0
22000421,2021-02-15,15353
22000422,2021-02-15,15353
22000424,2021-02-15,15353
22000423,2021-02-15,3902
22000420,2021-02-15,15353
22000425,2021-02-15,15353
22000427,2021-02-16,0
22000432,2021-02-16,15353
22000429,2021-02-16,1982
22000433,2021-02-16,3181
22000431,2021-02-16,15353
22000430,2021-02-16,0
22000438,2021-02-17,15353
22000436,2021-02-17,4249
22000440,2021-02-17,15353
22000444,2021-02-17,15353
22000443,2021-02-17,15353
22000441,2021-02-17,1940
22000437,2021-02-17,15353
22000439,2021-02-17,15353
22000562,2021-02-17,15353
22000564,2021-02-17,15353
22000445,2021-02-18,500
22000447,2021-02-18,15353
22000446,2021-02-18,15353
22000452,2021-02-19,1795
22000450,2021-02-19,0
22000563,2021-02-19,2720
22000455,2021-02-19,1940
22000451,2021-02-19,15353
22000449,2021-02-19,4287
22000453,2021-02-19,750
22000454,2021-02-19,15353
22000457,2021-02-19,15353
22000460,2021-02-20,15353
22000464,2021-02-20,15353
22000463,2021-02-20,15353
22000462,2021-02-20,1994
22000459,2021-02-20,15353
22000469,2021-02-21,15353
22000471,2021-02-21,1800
22000466,2021-02-21,2720
22000465,2021-02-21,1940
22000472,2021-02-21,0
22000468,2021-02-21,0
22000467,2021-02-21,4002
22000470,2021-02-21,1362
22000474,2021-02-22,3025
22000477,2021-02-22,3213
22000476,2021-02-22,2099
22000479,2021-02-22,15353
22000478,2021-02-22,3902
22000475,2021-02-22,15353
22000482,2021-02-23,324
22000487,2021-02-23,15353
22000481,2021-02-23,3631
22000488,2021-02-23,15353
22000486,2021-02-23,1800
22000483,2021-02-23,0
22000485,2021-02-23,3338
22000480,2021-02-23,2720
22000484,2021-02-23,15353
22000496,2021-02-24,3296
22000493,2021-02-24,15353
22000492,2021-02-24,15353
22000489,2021-02-24,15353
22000497,2021-02-24,4912
22000495,2021-02-24,15353
22000494,2021-02-24,2700
22000491,2021-02-24,2720
22000490,2021-02-24,1537
22000498,2021-02-25,0
22000502,2021-02-25,15353
22000501,2021-02-25,1896
22000500,2021-02-25,1981
22000503,2021-02-25,1800
22000499,2021-02-25,327
22000505,2021-02-26,15353
22000504,2021-02-26,15353
22000512,2021-02-26,15353
22000507,2021-02-26,15353
22000510,2021-02-26,15353
22000506,2021-02-26,15353
22000508,2021-02-26,15353
22000511,2021-02-26,0
22000509,2021-02-26,0
22000513,2021-02-27,15353
22000518,2021-02-27,15353
22000515,2021-02-27,1981
22000514,2021-02-27,15353
22000516,2021-02-27,4242
22000517,2021-02-27,15353
22000519,2021-02-27,684
22000525,2021-02-28,3284
22000522,2021-02-28,15353
22000527,2021-02-28,15353
22000528,2021-02-28,15353
22000521,2021-02-28,15353
22000524,2021-02-28,15353
22000526,2021-02-28,15353
22000520,2021-02-28,1800
22000530,2021-03-01,15353
22000534,2021-03-01,15353
22000532,2021-03-01,3046
22000531,2021-03-01,15353
22000535,2021-03-01,15353
22000533,2021-03-01,2700
22000529,2021-03-01,3766
22000541,2021-03-02,15353
22000536,2021-03-02,15353
22000537,2021-03-02,15353
22000542,2021-03-02,15353
22000538,2021-03-02,15353
22000540,2021-03-02,1800
22000539,2021-03-03,15353
22000544,2021-03-03,3969
22000551,2021-03-03,15353
22000545,2021-03-03,15353
22000550,2021-03-03,15353
22000549,2021-03-03,3508
22000546,2021-03-03,3615
22000548,2021-03-03,2700
22000543,2021-03-03,2720
22000547,2021-03-03,15353
22000556,2021-03-04,1000
22000555,2021-03-04,0
22000185,2021-03-04,3233
22000558,2021-03-04,15353
22000554,2021-03-04,15353
22000553,2021-03-04,15353
22000565,2021-03-04,1981
22000557,2021-03-04,2700
22000552,2021-03-04,15353
22000567,2021-03-10,3813
22000566,2021-03-10,1912
22000572,2021-03-11,15353
22000569,2021-03-11,1374
22000571,2021-03-11,15353
22000570,2021-03-11,15353
22000577,2021-03-11,15353
22000575,2021-03-11,15353
22000578,2021-03-11,15353
22000576,2021-03-11,15353
22000574,2021-03-11,3700
22000573,2021-03-11,1800
22000568,2021-03-11,0
22000582,2021-03-12,15353
22000583,2021-03-12,3241
22000581,2021-03-12,3700
22000580,2021-03-12,2160
22000579,2021-03-12,15353
22000585,2021-03-12,15353
22000584,2021-03-12,0
22000194,2021-03-13,3166
22000591,2021-03-13,15353
22000586,2021-03-13,15353
22000589,2021-03-13,15353
22000587,2021-03-13,1364
22000590,2021-03-13,2347
22000592,2021-03-13,15353
22000588,2021-03-13,2861
22000600,2021-03-14,15353
22000594,2021-03-14,15353
22000597,2021-03-14,2322
22000599,2021-03-14,15353
22000593,2021-03-14,15353
22000595,2021-03-14,3071
22000601,2021-03-14,3700
22000598,2021-03-14,3264
22000596,2021-03-14,3264
22000603,2021-03-15,15353
22000607,2021-03-15,3188
22000604,2021-03-15,1637
22000428,2021-03-15,15353
22000606,2021-03-15,15353
22000602,2021-03-15,2861
22000605,2021-03-15,3945
22000608,2021-03-15,15353
22000615,2021-03-16,15353
22000614,2021-03-16,15353
22000613,2021-03-16,3069
22000610,2021-03-16,15353
22000609,2021-03-16,15353
22000611,2021-03-16,3071
22000612,2021-03-16,15353
22000625,2021-03-17,3975
22000619,2021-03-17,15353
22000617,2021-03-17,15353
22000618,2021-03-17,3071
22000623,2021-03-17,2217
22000624,2021-03-17,15353
22000616,2021-03-17,750
22000620,2021-03-17,0
22000622,2021-03-17,3259
22000621,2021-03-17,15353
22000626,2021-03-18,2621
22000629,2021-03-18,15353
22000628,2021-03-18,3172
22000630,2021-03-18,15353
22000627,2021-03-18,1531
22000166,2021-03-18,15353
22000635,2021-03-19,3061
22000637,2021-03-19,15353
22000631,2021-03-19,15353
22000639,2021-03-19,15353
22000638,2021-03-19,3124
22000636,2021-03-19,2716
22000633,2021-03-19,3665
22000435,2021-03-19,15353
22000632,2021-03-19,15353
22000634,2021-03-19,15353
22000643,2021-03-20,3280
22000642,2021-03-20,15353
22000640,2021-03-20,15353
22000644,2021-03-20,15353
22000641,2021-03-20,3071
22000651,2021-03-21,3190
22000649,2021-03-21,750
22000016,2021-03-21,3297
22000646,2021-03-21,15353
22000648,2021-03-21,15353
22000167,2021-03-21,15353
22000650,2021-03-21,1981
22000645,2021-03-21,15353
22000652,2021-03-21,15353
22000647,2021-03-21,0
22000655,2021-03-22,3222
22000660,2021-03-22,15353
22000653,2021-03-22,0
22000659,2021-03-22,3280
22000656,2021-03-22,15353
22000658,2021-03-22,2319
22000654,2021-03-22,15353
22000657,2021-03-22,2965
22000664,2021-03-23,15353
22000666,2021-03-23,0
22000665,2021-03-23,15353
22000663,2021-03-23,3700
22000662,2021-03-23,1589
22000661,2021-03-23,3485
22000675,2021-03-24,3224
22000669,2021-03-24,3280
22000670,2021-03-24,3891
22000667,2021-03-24,15353
22000677,2021-03-24,15353
22000673,2021-03-24,15353
22000674,2021-03-24,15353
22000668,2021-03-24,1578
22000671,2021-03-24,15353
22000676,2021-03-24,5546
22000672,2021-03-24,3163
22000682,2021-03-25,15353
22000681,2021-03-25,15353
22000679,2021-03-25,1817
22000680,2021-03-25,3225
22000678,2021-03-25,0
22000689,2021-03-26,0
22000687,2021-03-26,0
22000686,2021-03-26,4215
22000688,2021-03-26,15353
22000691,2021-03-26,5546
22000684,2021-03-26,15353
22000690,2021-03-26,4132
22000685,2021-03-26,3280
22000692,2021-03-26,15353
22000693,2021-03-26,15353
22000683,2021-03-26,750
22000694,2021-03-27,0
22000696,2021-03-27,15353
22000698,2021-03-27,3700
22000702,2021-03-27,15353
22000701,2021-03-27,15353
22000697,2021-03-27,3334
22000695,2021-03-27,3280
22000700,2021-03-27,5546
22000699,2021-03-27,15353
22000704,2021-03-28,2021
22000703,2021-03-28,3850
22000705,2021-03-28,15353
22000706,2021-03-28,15353
22000709,2021-03-29,1732
22000716,2021-03-29,15353
22000711,2021-03-29,750
22000708,2021-03-29,0
22000714,2021-03-29,2876
22000712,2021-03-29,3319
22000713,2021-03-29,15353
22000710,2021-03-29,1981
22000717,2021-03-29,15353
22000715,2021-03-29,5546
22000707,2021-03-29,0
22000171,2021-03-30,3173
22000719,2021-03-30,3574
22000720,2021-03-30,15353
22000718,2021-03-30,15353
22000725,2021-03-31,2314
22000730,2021-03-31,3459
22000727,2021-03-31,15353
22000726,2021-03-31,15353
22000729,2021-03-31,15353
22000721,2021-03-31,750
22000722,2021-03-31,15353
22000723,2021-03-31,2298
22000728,2021-03-31,2802
22000724,2021-03-31,1773
22000735,2021-04-01,2949
22000179,2021-04-01,750
22000732,2021-04-01,1773
22000733,2021-04-01,15353
22000734,2021-04-01,3700
22000731,2021-04-01,0
22000736,2021-04-01,15353
22000742,2021-04-02,0
22000737,2021-04-02,3085
22000740,2021-04-02,15353
22000744,2021-04-02,3422
22000741,2021-04-02,2987
22000746,2021-04-02,15353
22000745,2021-04-02,15353
22000738,2021-04-02,15353
22000743,2021-04-02,5546
22000739,2021-04-02,1981
22000748,2021-04-03,750
22000747,2021-04-03,15353
22000754,2021-04-03,15353
22000753,2021-04-03,15353
22000749,2021-04-03,15353
22000751,2021-04-03,3276
22000752,2021-04-03,5546
22000750,2021-04-03,3071
22000759,2021-04-04,2937
22000757,2021-04-04,15353
22000755,2021-04-04,15353
22000760,2021-04-04,3268
22000758,2021-04-04,4094
22000761,2021-04-04,3927
22000756,2021-04-04,15353
22000763,2021-04-05,1620
22000766,2021-04-05,15353
22000765,2021-04-05,1436
22000768,2021-04-05,3093
22000762,2021-04-05,1773
22000764,2021-04-05,4261
22000767,2021-04-05,0
22000773,2021-04-06,15353
22000769,2021-04-06,15353
22000775,2021-04-06,15353
22000772,2021-04-06,15353
22000321,2021-04-06,3556
22000771,2021-04-06,2298
22000770,2021-04-06,2816
22000774,2021-04-06,15353
22000778,2021-04-07,2298
22000780,2021-04-07,2774
22000456,2021-04-07,3399
22000783,2021-04-07,5110
22000782,2021-04-07,3715
22000776,2021-04-07,15353
22000781,2021-04-07,15353
22000777,2021-04-07,3991
22000779,2021-04-07,1773
22000784,2021-04-08,15353
22000789,2021-04-08,15353
22000786,2021-04-08,4190
22000788,2021-04-08,15353
22000787,2021-04-08,5546
22000523,2021-04-08,15353
22000785,2021-04-08,15353
22000797,2021-04-09,3750
22000796,2021-04-09,3280
22000792,2021-04-09,2298
22000795,2021-04-09,3700
22000798,2021-04-09,0
22000799,2021-04-09,15353
22000790,2021-04-09,3777
22000793,2021-04-09,1912
22000791,2021-04-09,996
22000803,2021-04-10,5028
22000800,2021-04-10,1773
22000804,2021-04-10,15353
22000199,2021-04-10,15353
22000802,2021-04-10,15353
22000801,2021-04-10,5546
22000794,2021-04-10,4148
22000814,2021-04-11,15353
22000812,2021-04-11,1436
22000811,2021-04-11,2341
22000808,2021-04-11,3316
22000813,2021-04-11,15353
22000805,2021-04-11,4148
22000809,2021-04-11,1833
22000806,2021-04-11,4032
22000810,2021-04-11,4054
22000807,2021-04-11,4148
22000278,2021-04-12,2194
22000819,2021-04-12,3700
22000818,2021-04-12,4016
22000816,2021-04-12,3107
22000822,2021-04-12,4145
22000820,2021-04-12,5546
22000815,2021-04-12,1981
22000821,2021-04-12,15353
22000824,2021-04-13,1427
22000826,2021-04-13,5546
22000828,2021-04-13,15353
22000827,2021-04-13,5024
22000817,2021-04-13,15353
22000825,2021-04-13,3676
22000823,2021-04-13,0
22000837,2021-04-14,2141
22000836,2021-04-14,0
22000832,2021-04-14,750
22000831,2021-04-14,1184
22000833,2021-04-14,15353
22000830,2021-04-14,4094
22000461,2021-04-14,3293
22000834,2021-04-14,15353
22000839,2021-04-14,15353
22000829,2021-04-14,2955
22000835,2021-04-14,3700
22000838,2021-04-14,4017
22000840,2021-04-15,15353
22000843,2021-04-15,4568
22000841,2021-04-15,4148
22000842,2021-04-15,1915
22000854,2021-04-16,4246
22000851,2021-04-16,0
22000846,2021-04-16,4094
22000847,2021-04-16,15353
22000845,2021-04-16,750
22000852,2021-04-16,1638
22000848,2021-04-16,0
22000853,2021-04-16,4303
22000850,2021-04-16,0
22000849,2021-04-16,15353
22000844,2021-04-16,5546
22000858,2021-04-17,2298
22000859,2021-04-17,3280
22000856,2021-04-17,15353
22000855,2021-04-17,1710
22000860,2021-04-17,5078
22000857,2021-04-17,15353
22000862,2021-04-18,1981
22000362,2021-04-18,3880
22000863,2021-04-18,15353
22000864,2021-04-18,3772
22000866,2021-04-18,4193
22000861,2021-04-18,15353
22000867,2021-04-18,1734
22000865,2021-04-18,0
22000870,2021-04-19,4094
22000873,2021-04-19,3280
22000473,2021-04-19,15353
22000874,2021-04-19,4005
22000872,2021-04-19,15353
22000868,2021-04-19,750
22000871,2021-04-19,0
22000875,2021-04-19,1709
22000869,2021-04-19,15353
22000880,2021-04-20,15353
22000879,2021-04-20,15353
22000877,2021-04-20,1753
22000878,2021-04-20,3700
22000876,2021-04-20,2219
22000888,2021-04-21,0
22000884,2021-04-21,0
22000881,2021-04-21,15353
22000442,2021-04-21,4043
22000887,2021-04-21,3253
22000885,2021-04-21,2133
22000886,2021-04-21,1981
22000891,2021-04-21,15353
22000889,2021-04-21,1782
22000890,2021-04-21,15353
22000883,2021-04-21,4094
22000882,2021-04-21,15353
22000897,2021-04-22,4443
22000896,2021-04-22,15353
22000892,2021-04-22,2298
22000895,2021-04-22,0
22000893,2021-04-22,3411
22000894,2021-04-22,3280
22000898,2021-04-23,2985
22000901,2021-04-23,3313
22000225,2021-04-23,15353
22000902,2021-04-23,0
22000899,2021-04-23,1773
22000903,2021-04-23,1935
22000900,2021-04-23,4060
22000906,2021-04-24,15353
22000905,2021-04-24,3280
22000910,2021-04-24,0
22000907,2021-04-24,15353
22000909,2021-04-24,0
22000904,2021-04-24,1981
22000908,2021-04-24,4561
22000264,2021-04-24,3700
22000912,2021-04-25,1773
22000915,2021-04-25,3252
22000914,2021-04-25,3519
22000913,2021-04-25,3010
22000240,2021-04-25,15353
22000911,2021-04-25,4493
22000197,2021-04-25,2133
22000918,2021-04-26,4094
22000922,2021-04-26,15353
22000925,2021-04-26,3823
22000917,2021-04-26,0
22000920,2021-04-26,1981
22000923,2021-04-26,1638
22000926,2021-04-26,15353
22000919,2021-04-26,2133
22000916,2021-04-26,750
22000921,2021-04-26,1626
22000924,2021-04-26,3700
22000932,2021-04-27,3613
22000930,2021-04-27,15353
22000931,2021-04-27,3225
22000928,2021-04-27,3240
22000929,2021-04-27,15353
22000927,2021-04-27,2298
22000938,2021-04-28,0
22000934,2021-04-28,4094
22000941,2021-04-28,5917
22000935,2021-04-28,2133
22000936,2021-04-28,2298
22000933,2021-04-28,4148
22000939,2021-04-28,3427
22000940,2021-04-28,4022
22000937,2021-04-28,1981
22000942,2021-04-28,15353
22000948,2021-04-29,4025
22000947,2021-04-29,15353
22000946,2021-04-29,1638
22000943,2021-04-29,750
22000944,2021-04-29,15353
22000945,2021-04-29,3232
22000952,2021-04-30,0
22000954,2021-04-30,15353
22000949,2021-04-30,4094
22000953,2021-04-30,0
22000950,2021-04-30,2298
22000956,2021-04-30,2691
22000955,2021-04-30,6065
22000951,2021-04-30,4148
22000958,2021-05-01,0
22000964,2021-05-01,4351
22000960,2021-05-01,4148
22000966,2021-05-01,2818
22000961,2021-05-01,3924
22000962,2021-05-01,1638
22000959,2021-05-01,0
22000957,2021-05-01,3766
22000965,2021-05-01,6506
22000963,2021-05-01,15353
22000974,2021-05-02,0
22000970,2021-05-02,4268
22000973,2021-05-02,0
22000969,2021-05-02,4095
22000972,2021-05-02,15353
22000971,2021-05-02,3431
22000967,2021-05-02,3280
22000968,2021-05-02,15353
22000975,2021-05-03,750
22000979,2021-05-03,15353
22000977,2021-05-03,3700
22000976,2021-05-03,2133
22000978,2021-05-03,3091
22000982,2021-05-03,2454
22000981,2021-05-03,6506
22000980,2021-05-03,2789
22000988,2021-05-04,0
22000984,2021-05-04,750
22000986,2021-05-04,15353
22000983,2021-05-04,4148
22000989,2021-05-04,1714
22000987,2021-05-04,3700
22000985,2021-05-04,3280
22000995,2021-05-05,4038
22000235,2021-05-05,3280
22000183,2021-05-05,1436
22000994,2021-05-05,0
22000996,2021-05-05,6506
22000991,2021-05-05,4148
22000993,2021-05-05,15353
22000992,2021-05-05,3205
22000990,2021-05-05,4249
22001000,2021-05-06,15353
22000999,2021-05-06,750
22000434,2021-05-06,3769
22001001,2021-05-06,3621
22000998,2021-05-06,4602
22001002,2021-05-06,3275
22000997,2021-05-06,2494
22001010,2021-05-07,1939
22001007,2021-05-07,4220
22001005,2021-05-07,15353
22001008,2021-05-07,6506
22000160,2021-05-07,3399
22001006,2021-05-07,3280
22001003,2021-05-07,5119
22001011,2021-05-07,15353
22001004,2021-05-07,3751
22001009,2021-05-07,8063
22001018,2021-05-08,1939
22001015,2021-05-08,4044
22001012,2021-05-08,15353
22001016,2021-05-08,6506
22001017,2021-05-08,4155
22001013,2021-05-08,0
22001014,2021-05-08,0
22001024,2021-05-09,3144
22001025,2021-05-09,15353
22001022,2021-05-09,0
22000145,2021-05-09,2298
22001020,2021-05-09,4196
22001023,2021-05-09,750
22001021,2021-05-09,4148
22001019,2021-05-09,2578
22001030,2021-05-10,0
22001026,2021-05-10,3054
22001031,2021-05-10,1939
22001029,2021-05-10,0
22001027,2021-05-10,4148
22001028,2021-05-10,2507
22001038,2021-05-11,3280
22001037,2021-05-11,2684
22001033,2021-05-11,0
22001032,2021-05-11,4789
22001040,2021-05-11,15353
22001041,2021-05-11,3550
22000448,2021-05-11,3997
22001034,2021-05-11,15353
22001039,2021-05-11,4155
22001036,2021-05-11,3434
22001035,2021-05-11,15353
22001044,2021-05-12,0
22001042,2021-05-12,3120
22001043,2021-05-12,0
22001045,2021-05-12,6506
22001046,2021-05-12,4087
22000154,2021-05-12,4373
22001051,2021-05-13,0
22000458,2021-05-13,1981
22001047,2021-05-13,4442
22001048,2021-05-13,15353
22001050,2021-05-13,15353
22001049,2021-05-13,2910
22000255,2021-05-13,2876
22001053,2021-05-13,8359
22001052,2021-05-13,1638
22001058,2021-05-14,0
22001054,2021-05-14,750
22001057,2021-05-14,4493
22001059,2021-05-14,4155
22000263,2021-05-14,3502
22001055,2021-05-14,5119
22000204,2021-05-14,5333
22001056,2021-05-14,15353
22001064,2021-05-15,1981
22001065,2021-05-15,4848
22001060,2021-05-15,1773
22001063,2021-05-15,1638
22001062,2021-05-15,3280
22001061,2021-05-15,15353
22001070,2021-05-16,4416
22001075,2021-05-16,5119
22001077,2021-05-16,15353
22001072,2021-05-16,3700
22001067,2021-05-16,1773
22001076,2021-05-16,1939
22001071,2021-05-16,1638
22001073,2021-05-16,1981
22001069,2021-05-16,750
22001074,2021-05-16,15353
22001079,2021-05-16,15353
22001080,2021-05-16,5333
22001068,2021-05-16,3427
22001078,2021-05-16,4738
22001066,2021-05-16,3045
42000171,2021-05-22,6117
42000121,2021-05-22,9107
42000161,2021-05-22,7732
42000111,2021-05-22,14391
42000141,2021-05-23,13750
42000131,2021-05-23,15047
42000151,2021-05-23,11824
42000101,2021-05-23,11160
42000162,2021-05-24,7727
42000122,2021-05-24,9107
42000112,2021-05-25,0
42000152,2021-05-25,11919
42000172,2021-05-25,6885
42000102,2021-05-26,11160
42000142,2021-05-26,14200
42000132,2021-05-26,16254
42000123,2021-05-27,17000
42000153,2021-05-27,7825
42000163,2021-05-27,8050
42000113,2021-05-28,4789
42000173,2021-05-28,17705
42000133,2021-05-28,15743
42000143,2021-05-29,12185
42000164,2021-05-29,8050
42000103,2021-05-29,10665
42000124,2021-05-29,17000
42000134,2021-05-30,16458
42000174,2021-05-30,17761
42000114,2021-05-30,17226
42000154,2021-05-30,8025
42000104,2021-05-31,10665
42000144,2021-05-31,12185
42000155,2021-06-01,16163
42000165,2021-06-01,10463
42000115,2021-06-01,14993
42000105,2021-06-02,15523
42000145,2021-06-02,14250
42000175,2021-06-02,7428
42000135,2021-06-02,16512
42000166,2021-06-03,10022
42000156,2021-06-03,8550
42000176,2021-06-04,18324
42000211,2021-06-05,15750
42000177,2021-06-06,7342
42000201,2021-06-06,18624
42000231,2021-06-07,16219
42000212,2021-06-07,15776
42000202,2021-06-08,18624
42000221,2021-06-08,18007
42000232,2021-06-09,0
42000213,2021-06-10,16310
42000222,2021-06-10,18007
42000203,2021-06-11,16432
42000233,2021-06-11,18277
42000223,2021-06-12,8185
42000214,2021-06-13,16310
42000234,2021-06-13,18290
42000224,2021-06-14,8474
42000204,2021-06-14,16502
42000215,2021-06-15,16067
42000225,2021-06-16,18007
42000205,2021-06-16,18624
42000216,2021-06-17,16310
42000226,2021-06-18,17105
42000206,2021-06-18,16610
42000217,2021-06-19,16287
42000207,2021-06-20,18624
42000311,2021-06-20,16583
42000312,2021-06-22,16645
42000301,2021-06-23,16310
42000313,2021-06-24,17222
42000302,2021-06-25,16422
42000314,2021-06-26,0
42000303,2021-06-27,16650
42000315,2021-06-28,16664
42000304,2021-06-29,16478
42000316,2021-06-30,18495
42000305,2021-07-01,16389
42000306,2021-07-03,16620
42000401,2021-07-06,0
42000402,2021-07-08,16583
42000403,2021-07-11,16637
42000404,2021-07-14,16911
42000405,2021-07-17,16562
42000406,2021-07-20,17397
32000001,2021-03-07,15353
22100001,2021-10-19,17341
22100002,2021-10-19,18997
22100013,2021-10-20,17467
22100012,2021-10-20,16074
22100008,2021-10-20,16079
22100003,2021-10-20,15521
22100007,2021-10-20,15975
22100011,2021-10-20,18306
22100010,2021-10-20,16697
22100005,2021-10-20,19812
22100009,2021-10-20,12845
22100004,2021-10-20,20088
22100006,2021-10-20,19800
22100014,2021-10-21,17162
22100016,2021-10-21,18064
22100015,2021-10-21,19600
22100026,2021-10-22,17583
22100021,2021-10-22,20367
22100020,2021-10-22,19156
22100025,2021-10-22,18997
22100024,2021-10-22,19520
22100022,2021-10-22,20995
22100023,2021-10-22,15674
22100018,2021-10-22,18846
22100017,2021-10-22,17116
22100019,2021-10-22,15407
22100033,2021-10-23,18558
22100032,2021-10-23,14353
22100034,2021-10-23,16748
22100028,2021-10-23,17147
22100030,2021-10-23,18888
22100029,2021-10-23,19800
22100027,2021-10-23,16846
22100031,2021-10-23,15343
22100036,2021-10-24,16273
22100039,2021-10-24,13876
22100040,2021-10-24,18997
22100038,2021-10-24,14256
22100037,2021-10-24,16069
22100035,2021-10-24,17732
22100043,2021-10-25,14209
22100046,2021-10-25,19800
22100049,2021-10-25,15672
22100048,2021-10-25,14221
22100047,2021-10-25,14435
22100044,2021-10-25,14487
22100045,2021-10-25,19600
22100041,2021-10-25,17238
22100042,2021-10-25,10339
22100052,2021-10-26,19337
22100050,2021-10-26,15218
22100053,2021-10-26,18354
22100054,2021-10-26,18306
22100051,2021-10-26,15717
22100058,2021-10-27,19800
22100056,2021-10-27,19156
22100062,2021-10-27,14678
22100064,2021-10-27,0
22100063,2021-10-27,16241
22100061,2021-10-27,15783
22100060,2021-10-27,17341
22100059,2021-10-27,15541
22100057,2021-10-27,17732
22100055,2021-10-27,14082
22100067,2021-10-28,20972
22100069,2021-10-28,19228
22100070,2021-10-28,18064
22100068,2021-10-28,15858
22100066,2021-10-28,13653
22100065,2021-10-28,20017
22100076,2021-10-29,16510
22100073,2021-10-29,19600
22100075,2021-10-29,18315
22100072,2021-10-29,0
22100077,2021-10-29,18997
22100074,2021-10-29,17507
22100071,2021-10-29,19800
22100081,2021-10-30,10578
22100086,2021-10-30,18064
22100087,2021-10-30,17136
22100088,2021-10-30,14516
22100083,2021-10-30,20668
22100085,2021-10-30,17341
22100084,2021-10-30,15989
22100082,2021-10-30,20031
22100079,2021-10-30,11423
22100080,2021-10-30,16508
22100078,2021-10-30,15813
22100091,2021-10-31,17341
22100089,2021-10-31,19231
22100090,2021-10-31,14960
22100092,2021-10-31,13507
22100093,2021-10-31,0
22100096,2021-11-01,0
22100098,2021-11-01,19156
22100094,2021-11-01,13889
22100095,2021-11-01,10227
22100099,2021-11-01,16528
22100102,2021-11-01,13722
22100101,2021-11-01,14744
22100100,2021-11-01,12683
22100097,2021-11-01,14632
22100104,2021-11-02,19255
22100106,2021-11-02,14323
22100105,2021-11-02,18306
22100107,2021-11-02,18997
22100103,2021-11-02,9254
22100114,2021-11-03,12977
22100113,2021-11-03,17323
22100116,2021-11-03,16356
22100110,2021-11-03,0
22100115,2021-11-03,15386
22100117,2021-11-03,18064
22100118,2021-11-03,12480
22100111,2021-11-03,20438
22100112,2021-11-03,13538
22100108,2021-11-03,16231
22100109,2021-11-03,11607
22100123,2021-11-04,0
22100122,2021-11-04,15058
22100120,2021-11-04,16590
22100121,2021-11-04,19600
22100119,2021-11-04,8702
22100125,2021-11-05,14101
22100132,2021-11-05,14905
22100126,2021-11-05,16302
22100129,2021-11-05,17136
22100128,2021-11-05,17341
22100124,2021-11-05,14235
22100130,2021-11-05,18064
22100131,2021-11-05,16841
22100127,2021-11-05,19800
22100137,2021-11-06,15412
22100135,2021-11-06,20936
22100138,2021-11-06,19393
22100136,2021-11-06,20052
22100134,2021-11-06,19600
22100133,2021-11-06,16046
22100141,2021-11-07,13386
22100139,2021-11-07,19800
22100142,2021-11-07,15570
22100146,2021-11-07,15781
22100145,2021-11-07,18064
22100140,2021-11-07,19040
22100144,2021-11-07,12972
22100143,2021-11-07,12993
22100147,2021-11-08,20224
22100152,2021-11-08,18064
22100153,2021-11-08,13566
22100148,2021-11-08,19459
22100154,2021-11-08,18997
22100151,2021-11-08,15577
22100150,2021-11-08,0
22100149,2021-11-08,0
22100157,2021-11-09,14131
22100155,2021-11-09,20029
22100156,2021-11-09,18306
22100167,2021-11-10,15232
22100164,2021-11-10,0
22100166,2021-11-10,15065
22100160,2021-11-10,19156
22100159,2021-11-10,13882
22100158,2021-11-10,18056
22100169,2021-11-10,18064
22100170,2021-11-10,18997
22100163,2021-11-10,20910
22100162,2021-11-10,0
22100161,2021-11-10,18027
22100168,2021-11-10,15672
22100165,2021-11-10,15355
22100172,2021-11-11,18306
22100173,2021-11-11,16150
22100171,2021-11-11,20112
22100180,2021-11-12,12881
22100175,2021-11-12,19156
22100178,2021-11-12,0
22100177,2021-11-12,15468
22100176,2021-11-12,17095
22100182,2021-11-12,16849
22100181,2021-11-12,13425
22100184,2021-11-12,18997
22100174,2021-11-12,19257
22100183,2021-11-12,0
22100179,2021-11-12,0
22100185,2021-11-13,18306
22100189,2021-11-13,19800
22100187,2021-11-13,17272
22100188,2021-11-13,14358
22100186,2021-11-13,14483
22100190,2021-11-13,19432
22100191,2021-11-13,15285
22100193,2021-11-14,16901
22100198,2021-11-14,17899
22100192,2021-11-14,18997
22100196,2021-11-14,15080
22100194,2021-11-14,19559
22100195,2021-11-14,16088
22100197,2021-11-14,14583
22100205,2021-11-15,11482
22100203,2021-11-15,16792
22100201,2021-11-15,13914
22100200,2021-11-15,10092
22100207,2021-11-15,12330
22100204,2021-11-15,19797
22100199,2021-11-15,17186
22100206,2021-11-15,16274
22100208,2021-11-15,16142
22100202,2021-11-15,13061
22100209,2021-11-15,18997
22100212,2021-11-16,13298
22100210,2021-11-16,17732
22100211,2021-11-16,18306
22100219,2021-11-17,17341
22100218,2021-11-17,16680
22100213,2021-11-17,14402
22100222,2021-11-17,14838
22100214,2021-11-17,0
22100223,2021-11-17,17492
22100216,2021-11-17,16922
22100220,2021-11-17,0
22100221,2021-11-17,12066
22100215,2021-11-17,16445
22100217,2021-11-17,19600
22100227,2021-11-18,0
22100224,2021-11-18,19432
22100225,2021-11-18,19600
22100226,2021-11-18,13419
22100228,2021-11-18,14547
22100229,2021-11-18,18306
22100234,2021-11-19,0
22100231,2021-11-19,0
22100238,2021-11-19,0
22100230,2021-11-19,16787
22100233,2021-11-19,16966
22100235,2021-11-19,15274
22100232,2021-11-19,19156
22100236,2021-11-19,19520
22100237,2021-11-19,0
22100243,2021-11-20,19156
22100241,2021-11-20,20476
22100240,2021-11-20,15081
22100239,2021-11-20,19812
22100245,2021-11-20,17136
22100244,2021-11-20,17341
22100246,2021-11-20,17027
22100242,2021-11-20,17320
22100247,2021-11-20,13180
22100249,2021-11-21,15532
22100250,2021-11-21,0
22100252,2021-11-21,18064
22100251,2021-11-21,16072
22100248,2021-11-21,0
22100260,2021-11-22,14715
22100253,2021-11-22,17387
22100259,2021-11-22,15689
22100256,2021-11-22,19156
22100258,2021-11-22,17341
22100261,2021-11-22,18306
22100257,2021-11-22,21586
22100254,2021-11-22,16575
22100262,2021-11-22,13948
22100255,2021-11-22,15806
22100266,2021-11-23,17067
22100263,2021-11-23,13123
22100264,2021-11-23,19812
22100265,2021-11-23,17052
22100279,2021-11-24,14997
22100278,2021-11-24,18064
22100267,2021-11-24,18055
22100277,2021-11-24,13161
22100270,2021-11-24,19156
22100273,2021-11-24,17341
22100276,2021-11-24,14081
22100272,2021-11-24,15409
22100269,2021-11-24,16114
22100271,2021-11-24,16074
22100275,2021-11-24,14659
22100274,2021-11-24,17136
22100268,2021-11-24,0
22100289,2021-11-26,18306
22100288,2021-11-26,19520
22100290,2021-11-26,18064
22100291,2021-11-26,18997
22100281,2021-11-26,19314
22100284,2021-11-26,0
22100286,2021-11-26,14579
22100283,2021-11-26,18236
22100282,2021-11-26,19812
22100287,2021-11-26,15360
22100280,2021-11-26,18139
22100285,2021-11-26,0
22100293,2021-11-27,17287
22100295,2021-11-27,18248
22100296,2021-11-27,21110
22100298,2021-11-27,20223
22100297,2021-11-27,14687
22100299,2021-11-27,18306
22100292,2021-11-27,21011
22100294,2021-11-27,18071
22100303,2021-11-28,12844
22100301,2021-11-28,13130
22100300,2021-11-28,19068
22100302,2021-11-28,0
22100304,2021-11-28,18997
22100306,2021-11-29,19600
22100310,2021-11-29,19229
22100311,2021-11-29,12606
22100312,2021-11-29,18306
22100309,2021-11-29,14191
22100313,2021-11-29,15691
22100305,2021-11-29,20193
22100307,2021-11-29,21366
22100308,2021-11-29,12829
22100318,2021-11-30,12459
22100316,2021-11-30,17071
22100317,2021-11-30,16071
22100314,2021-11-30,18081
22100315,2021-11-30,19800
22100319,2021-12-01,12656
22100327,2021-12-01,17217
22100320,2021-12-01,14191
22100326,2021-12-01,13222
22100321,2021-12-01,0
22100322,2021-12-01,19156
22100324,2021-12-01,17341
22100325,2021-12-01,15558
22100323,2021-12-01,0
22100332,2021-12-02,16143
22100330,2021-12-02,13103
22100331,2021-12-02,16081
22100329,2021-12-02,19800
22100328,2021-12-02,19812
22100340,2021-12-03,18064
22100339,2021-12-03,18306
22100341,2021-12-03,18997
22100338,2021-12-03,0
22100333,2021-12-03,13854
22100336,2021-12-03,17732
22100334,2021-12-03,0
22100337,2021-12-03,13697
22100335,2021-12-03,17092
22100348,2021-12-04,15004
22100345,2021-12-04,19396
22100342,2021-12-04,18272
22100346,2021-12-04,18064
22100344,2021-12-04,17341
22100347,2021-12-04,18193
22100343,2021-12-04,18116
22100352,2021-12-05,14771
22100351,2021-12-05,19800
22100350,2021-12-05,16383
22100349,2021-12-05,18113
22100358,2021-12-06,17341
22100356,2021-12-06,19600
22100359,2021-12-06,15736
22100360,2021-12-06,15292
22100353,2021-12-06,14462
22100355,2021-12-06,0
22100354,2021-12-06,10522
22100357,2021-12-06,21236
22100362,2021-12-06,15865
22100361,2021-12-06,18064
22100365,2021-12-07,18997
22100364,2021-12-07,14698
22100363,2021-12-07,19559
22100372,2021-12-08,15834
22100367,2021-12-08,17707
22100371,2021-12-08,19800
22100374,2021-12-08,15181
22100366,2021-12-08,15709
22100369,2021-12-08,0
22100368,2021-12-08,10499
22100376,2021-12-08,18064
22100370,2021-12-08,19600
22100373,2021-12-08,14025
22100375,2021-12-08,15035
22100377,2021-12-08,14364
22100378,2021-12-08,17064
22100379,2021-12-09,20272
22100380,2021-12-09,16334
22100381,2021-12-09,12855
22100386,2021-12-10,16319
22100384,2021-12-10,17074
22100382,2021-12-10,16335
22100388,2021-12-10,15828
22100385,2021-12-10,19800
22100390,2021-12-10,17071
22100383,2021-12-10,0
22100389,2021-12-10,16523
22100387,2021-12-10,15694
22100397,2021-12-11,14607
22100391,2021-12-11,17156
22100394,2021-12-11,19731
22100393,2021-12-11,19432
22100392,2021-12-11,17575
22100396,2021-12-11,0
22100395,2021-12-11,17794
22100398,2021-12-12,19812
22100399,2021-12-12,0
22100402,2021-12-12,0
22100403,2021-12-12,0
22100401,2021-12-12,14990
22100400,2021-12-12,15747
22100406,2021-12-13,19463
22100404,2021-12-13,17401
22100407,2021-12-13,0
22100410,2021-12-13,19213
22100409,2021-12-13,13420
22100411,2021-12-13,14632
22100412,2021-12-13,17909
22100408,2021-12-13,19156
22100405,2021-12-13,17018
22100416,2021-12-14,16184
22100414,2021-12-14,0
22100413,2021-12-14,17325
22100423,2021-12-15,14354
22100422,2021-12-15,0
22100424,2021-12-15,15365
22100420,2021-12-15,20270
22100427,2021-12-15,0
22100421,2021-12-15,17341
22100425,2021-12-15,18306
22100426,2021-12-15,15773
22100419,2021-12-15,20389
22100417,2021-12-15,17131
22100418,2021-12-15,13576
22100429,2021-12-16,17053
22100428,2021-12-16,13596
22100431,2021-12-16,13857
22100432,2021-12-16,16177
22100437,2021-12-17,18306
22100436,2021-12-17,17136
22100439,2021-12-17,18399
22100438,2021-12-17,15504
22100440,2021-12-17,14659
22100433,2021-12-17,14103
22100434,2021-12-17,16114
22100435,2021-12-17,19156
22100441,2021-12-18,13722
22100447,2021-12-18,18306
22100445,2021-12-18,19156
22100443,2021-12-18,7988
22100444,2021-12-18,15123
22100442,2021-12-18,16292
22100446,2021-12-18,17341
22100449,2021-12-19,15188
22100451,2021-12-19,15091
22100448,2021-12-19,21560
22100455,2021-12-19,16127
22100450,2021-12-19,15977
22100456,2021-12-19,17071
22100463,2021-12-20,18096
22100459,2021-12-20,21150
22100462,2021-12-20,18064
22100457,2021-12-20,19156
22100461,2021-12-20,18306
22100460,2021-12-20,15721
22100468,2021-12-21,20056
22100469,2021-12-21,18997
22100465,2021-12-21,19600
22100466,2021-12-21,17906
22100467,2021-12-21,15272
22100475,2021-12-22,15386
22100471,2021-12-22,19156
22100470,2021-12-22,15299
22100474,2021-12-22,14932
22100473,2021-12-22,17341
22100480,2021-12-23,18208
22100487,2021-12-23,18997
22100482,2021-12-23,17003
22100478,2021-12-23,20408
22100476,2021-12-23,0
22100477,2021-12-23,13954
22100483,2021-12-23,17071
22100479,2021-12-23,19600
22100481,2021-12-23,19654
22100484,2021-12-23,18306
22100485,2021-12-23,18064
22100490,2021-12-25,17071
22100489,2021-12-25,17341
22100492,2021-12-25,18306
22100488,2021-12-25,19812
22100491,2021-12-25,18997
22100495,2021-12-26,16767
22100498,2021-12-26,14715
22100499,2021-12-26,20475
22100493,2021-12-26,19600
22100497,2021-12-26,15608
22100496,2021-12-26,15685
22100500,2021-12-26,17759
22100494,2021-12-26,19432
22100501,2021-12-27,0
22100505,2021-12-27,17071
22100506,2021-12-27,18430
22100507,2021-12-27,17128
22100502,2021-12-27,17049
22100504,2021-12-27,0
22100503,2021-12-27,15962
22100510,2021-12-28,6960
22100511,2021-12-28,18104
22100515,2021-12-28,14750
22100512,2021-12-28,16339
22100513,2021-12-28,15835
22100514,2021-12-28,0
22100509,2021-12-28,0
22100508,2021-12-28,16696
22100518,2021-12-29,19156
22100524,2021-12-29,16071
22100523,2021-12-29,17828
22100522,2021-12-29,17071
22100520,2021-12-29,17794
22100519,2021-12-29,21372
22100517,2021-12-29,17608
22100516,2021-12-29,18312
22100526,2021-12-30,15855
22100525,2021-12-30,17920
22100527,2021-12-30,15637
22100532,2021-12-31,16197
22100534,2021-12-31,15353
22100531,2021-12-31,15833
22100536,2021-12-31,16451
22100530,2021-12-31,17515
22100529,2021-12-31,19156
22100533,2021-12-31,17745
22100535,2021-12-31,15412
22100538,2021-12-31,18997
22100537,2021-12-31,18306
22100541,2022-01-01,19043
22100543,2022-01-01,18055
22100539,2022-01-01,17341
22100544,2022-01-01,18306
22100540,2022-01-01,18911
22100542,2022-01-01,17732
22100549,2022-01-02,19088
22100547,2022-01-02,17808
22100548,2022-01-02,13699
22100550,2022-01-02,14751
22100551,2022-01-02,0
22100545,2022-01-02,0
22100546,2022-01-02,19156
22100553,2022-01-03,8902
22100552,2022-01-03,0
22100554,2022-01-03,17089
22100556,2022-01-03,17341
22100555,2022-01-03,20502
22100557,2022-01-03,15057
22100558,2022-01-03,19767
22100560,2022-01-03,0
22100561,2022-01-03,0
22100559,2022-01-03,18064
22100565,2022-01-04,15158
22100563,2022-01-04,15353
22100562,2022-01-04,18178
22100566,2022-01-04,17919
22100564,2022-01-04,18449
22100570,2022-01-05,19156
22100571,2022-01-05,14176
22100573,2022-01-05,17341
22100574,2022-01-05,14375
22100575,2022-01-05,14056
22100572,2022-01-05,20441
22100567,2022-01-05,14427
22100568,2022-01-05,13116
22100577,2022-01-05,0
22100576,2022-01-05,15773
22100569,2022-01-05,13014
22100580,2022-01-06,15986
22100578,2022-01-06,17529
22100581,2022-01-06,17071
22100579,2022-01-06,12983
22100589,2022-01-07,18997
22100582,2022-01-07,20265
22100588,2022-01-07,15966
22100586,2022-01-07,0
22100583,2022-01-07,17732
22100587,2022-01-07,14874
22100585,2022-01-07,21700
22100590,2022-01-07,16708
22100584,2022-01-07,15353
22100591,2022-01-08,17936
22100596,2022-01-08,17071
22100595,2022-01-08,19156
22100592,2022-01-08,19139
22100593,2022-01-08,18644
22100594,2022-01-08,13160
22100599,2022-01-09,15353
22100606,2022-01-09,18288
22100605,2022-01-09,16408
22100597,2022-01-09,14836
22100604,2022-01-09,18064
22100603,2022-01-09,20041
22100602,2022-01-09,15606
22100598,2022-01-09,13223
22100600,2022-01-09,0
22100601,2022-01-09,14772
22100609,2022-01-10,19156
22100611,2022-01-10,12110
22100486,2022-01-10,16379
22100607,2022-01-10,14253
22100610,2022-01-10,16569
22100711,2022-01-10,13593
22100608,2022-01-10,17834
22100613,2022-01-11,15353
22100614,2022-01-11,17794
22100415,2022-01-11,19886
22100612,2022-01-11,13985
22100616,2022-01-11,0
22100615,2022-01-11,15155
22100626,2022-01-12,12199
22100620,2022-01-12,13138
22100622,2022-01-12,18215
22100624,2022-01-12,18306
22100625,2022-01-12,21698
22100619,2022-01-12,20317
22100618,2022-01-12,0
22100621,2022-01-12,15355
22100623,2022-01-12,0
22100631,2022-01-13,14972
22100628,2022-01-13,15881
22100627,2022-01-13,17848
22100630,2022-01-13,16964
22100629,2022-01-13,15406
22100633,2022-01-14,18011
22100636,2022-01-14,19600
22100638,2022-01-14,12160
22100639,2022-01-14,16712
22100635,2022-01-14,20444
22100637,2022-01-14,21174
22100634,2022-01-14,14019
22100640,2022-01-14,12857
22100632,2022-01-14,16011
22100642,2022-01-15,15124
22100641,2022-01-15,17341
22100644,2022-01-15,17034
22100645,2022-01-15,19600
22100643,2022-01-15,16414
22100646,2022-01-15,0
22100648,2022-01-15,13223
22100647,2022-01-15,19156
22100649,2022-01-15,19520
22100650,2022-01-15,19816
22100651,2022-01-16,0
22100617,2022-01-16,18178
22100653,2022-01-16,15647
22100652,2022-01-16,0
22100663,2022-01-17,19266
22100658,2022-01-17,17794
22100657,2022-01-17,18105
22100655,2022-01-17,19812
22100660,2022-01-17,16903
22100656,2022-01-17,14581
22100659,2022-01-17,15080
22100665,2022-01-17,17238
22100654,2022-01-17,0
22100664,2022-01-17,10422
22100661,2022-01-17,13648
22100662,2022-01-17,0
22100666,2022-01-18,16071
22100667,2022-01-18,18064
22100672,2022-01-19,19600
22100680,2022-01-19,17818
22100678,2022-01-19,14547
22100669,2022-01-19,15380
22100668,2022-01-19,20081
22100679,2022-01-19,12907
22100677,2022-01-19,0
22100675,2022-01-19,19218
22100676,2022-01-19,11848
22100674,2022-01-19,17341
22100671,2022-01-19,19156
22100673,2022-01-19,20824
22100670,2022-01-19,15199
22100681,2022-01-20,0
22100682,2022-01-20,19584
22100683,2022-01-20,18064
22100693,2022-01-21,18306
22100689,2022-01-21,14755
22100686,2022-01-21,20182
22100685,2022-01-21,18846
22100687,2022-01-21,16385
22100688,2022-01-21,19156
22100684,2022-01-21,15835
22100691,2022-01-21,15068
22100690,2022-01-21,18013
22100692,2022-01-21,17009
22100694,2022-01-21,18064
22100695,2022-01-22,19432
22100697,2022-01-22,17071
22100696,2022-01-22,17341
22100704,2022-01-23,16437
22100703,2022-01-23,15822
22100701,2022-01-23,0
22100700,2022-01-23,19973
22100708,2022-01-23,18064
22100699,2022-01-23,16371
22100702,2022-01-23,15353
22100707,2022-01-23,14060
22100698,2022-01-23,19812
22100705,2022-01-23,19701
22100706,2022-01-23,16475
22100712,2022-01-24,15581
22100713,2022-01-24,17071
22100730,2022-01-24,14378
22100709,2022-01-24,17321
22100718,2022-01-25,18126
22100721,2022-01-25,16422
22100720,2022-01-25,18064
22100719,2022-01-25,15007
22100454,2022-01-25,20121
22100716,2022-01-25,13544
22100717,2022-01-25,19156
22100714,2022-01-25,16023
22100715,2022-01-25,15353
22100731,2022-01-26,18306
22100725,2022-01-26,15080
22100732,2022-01-26,16334
22100728,2022-01-26,14662
22100453,2022-01-26,18011
22100472,2022-01-26,20269
22100727,2022-01-26,19600
22100724,2022-01-26,12448
22100723,2022-01-26,14116
22100722,2022-01-26,18904
22100734,2022-01-27,18064
22100733,2022-01-27,20953
22100741,2022-01-28,15106
22100740,2022-01-28,16916
22100736,2022-01-28,13156
22100737,2022-01-28,16932
22100735,2022-01-28,19469
22100739,2022-01-28,16100
22100729,2022-01-28,15254
22100738,2022-01-28,19600
22100742,2022-01-28,18354
22100743,2022-01-28,17071
22100744,2022-01-28,17341
22100747,2022-01-29,20380
22100749,2022-01-29,17135
22100746,2022-01-29,19831
22100748,2022-01-29,19600
22100745,2022-01-29,16168
22100750,2022-01-29,18064
22100753,2022-01-30,19521
22100751,2022-01-30,17391
22100752,2022-01-30,0
22100756,2022-01-30,17341
22100755,2022-01-30,13376
22100757,2022-01-30,10407
22100754,2022-01-30,0
22100758,2022-01-30,17071
22100759,2022-01-31,17637
22100760,2022-01-31,14629
22100761,2022-01-31,20424
22100767,2022-01-31,14168
22100763,2022-01-31,0
22100762,2022-01-31,19156
22100765,2022-01-31,0
22100764,2022-01-31,16146
22100769,2022-02-01,20217
22100784,2022-02-01,15353
22100768,2022-02-01,17341
22100766,2022-02-01,15499
22100771,2022-02-01,17070
22100770,2022-02-01,15839
22100772,2022-02-01,17071
22100774,2022-02-02,20089
22100773,2022-02-02,14528
22100775,2022-02-02,19156
22100776,2022-02-02,19812
22100777,2022-02-02,0
22100778,2022-02-02,19200
22100780,2022-02-02,13153
22100779,2022-02-02,18306
22100781,2022-02-02,17259
22100785,2022-02-03,18064
22100786,2022-02-03,19068
22100783,2022-02-03,0
22100521,2022-02-03,0
22100782,2022-02-03,15523
22100430,2022-02-03,0
22100793,2022-02-04,0
22100787,2022-02-04,17733
22100792,2022-02-04,0
22100791,2022-02-04,19200
22100795,2022-02-04,15329
22100788,2022-02-04,17584
22100789,2022-02-04,16355
22100794,2022-02-04,16152
22100790,2022-02-04,15353
22100798,2022-02-05,18058
22100796,2022-02-05,0
22100797,2022-02-05,19420
22100800,2022-02-05,19393
22100801,2022-02-05,14097
22100799,2022-02-05,18997
22100803,2022-02-06,16487
22100802,2022-02-06,20233
22100807,2022-02-06,19887
22100809,2022-02-06,17395
22100804,2022-02-06,18241
22100805,2022-02-06,19432
22100808,2022-02-06,15702
22100806,2022-02-06,14402
22100814,2022-02-07,18306
22100812,2022-02-07,20615
22100813,2022-02-07,17009
22100810,2022-02-07,14102
22100811,2022-02-07,14222
22100819,2022-02-08,15121
22100818,2022-02-08,16101
22100816,2022-02-08,14265
22100824,2022-02-08,12409
22100823,2022-02-08,16024
22100815,2022-02-08,20720
22100822,2022-02-08,18997
22100817,2022-02-08,17732
22100820,2022-02-08,19200
22100821,2022-02-08,15093
22100829,2022-02-09,0
22100828,2022-02-09,0
22100826,2022-02-09,19099
22100827,2022-02-09,13858
22100830,2022-02-09,12527
22100825,2022-02-09,19432
22100833,2022-02-10,16672
22100834,2022-02-10,0
22100831,2022-02-10,18744
22100837,2022-02-10,18064
22100832,2022-02-10,15204
22100836,2022-02-10,0
22100835,2022-02-10,19532
22100844,2022-02-11,18306
22100843,2022-02-11,20092
22100842,2022-02-11,0
22100841,2022-02-11,17234
22100838,2022-02-11,20088
22100839,2022-02-11,15075
22100840,2022-02-11,20669
22100853,2022-02-12,20028
22100852,2022-02-12,0
22100851,2022-02-12,0
22100855,2022-02-12,17071
22100854,2022-02-12,18064
22100845,2022-02-12,18521
22100850,2022-02-12,0
22100849,2022-02-12,0
22100846,2022-02-12,19454
22100848,2022-02-12,0
22100847,2022-02-12,14169
22100857,2022-02-13,13532
22100856,2022-02-13,19156
22100864,2022-02-14,0
22100861,2022-02-14,21153
22100866,2022-02-14,19068
22100865,2022-02-14,18306
22100863,2022-02-14,15319
22100862,2022-02-14,17341
22100859,2022-02-14,0
22100858,2022-02-14,10793
22100860,2022-02-14,18433
22100871,2022-02-15,17136
22100873,2022-02-15,17071
22100868,2022-02-15,19600
22100870,2022-02-15,17341
22100872,2022-02-15,15901
22100869,2022-02-15,20960
22100867,2022-02-15,15947
22100879,2022-02-16,16834
22100877,2022-02-16,0
22100884,2022-02-16,17787
22100874,2022-02-16,14398
22100875,2022-02-16,19156
22100876,2022-02-16,14540
22100881,2022-02-16,14920
22100878,2022-02-16,19166
22100880,2022-02-16,15982
22100883,2022-02-16,18064
22100882,2022-02-16,0
22100886,2022-02-17,15906
22100885,2022-02-17,17029
22100887,2022-02-17,17341
22100888,2022-02-17,17519
22100464,2022-02-17,17477
22100895,2022-02-24,15855
22100890,2022-02-24,17986
22100894,2022-02-24,20098
22100889,2022-02-24,15622
22100891,2022-02-24,21236
22100892,2022-02-24,16326
22100893,2022-02-24,14176
22100896,2022-02-25,17577
22100902,2022-02-25,17071
22100904,2022-02-25,18997
22100898,2022-02-25,16631
22100899,2022-02-25,15302
22100900,2022-02-25,19812
22100901,2022-02-25,16684
22100897,2022-02-25,15182
22100903,2022-02-25,0
22100908,2022-02-26,0
22100909,2022-02-26,21959
22100910,2022-02-26,17341
22100906,2022-02-26,17870
22100907,2022-02-26,19432
22100911,2022-02-26,19520
22100905,2022-02-26,19122
22100917,2022-02-27,18064
22100913,2022-02-27,17071
22100918,2022-02-27,17771
22100914,2022-02-27,16872
22100912,2022-02-27,19812
22100919,2022-02-27,17536
22100915,2022-02-27,0
22100916,2022-02-27,14324
22100920,2022-02-28,18421
22100923,2022-02-28,16812
22100921,2022-02-28,13014
22100924,2022-02-28,17341
22100925,2022-02-28,13945
22100922,2022-02-28,19683
22100726,2022-02-28,17112
22100927,2022-03-01,19156
22100928,2022-03-01,18903
22100926,2022-03-01,12122
22100931,2022-03-01,17857
22100929,2022-03-01,12949
22100930,2022-03-01,17136
22100934,2022-03-02,21333
22100936,2022-03-02,17341
22100933,2022-03-02,11221
22100935,2022-03-02,13583
22100937,2022-03-02,15490
22100938,2022-03-02,15167
22100932,2022-03-02,19019
22100939,2022-03-02,0
22100942,2022-03-03,19548
22100941,2022-03-03,17732
22100943,2022-03-03,20229
22100944,2022-03-03,13049
22100940,2022-03-03,19156
22100710,2022-03-03,0
22100945,2022-03-03,19068
22100949,2022-03-04,21259
22100951,2022-03-04,15180
22100952,2022-03-04,16254
22100458,2022-03-04,19081
22100946,2022-03-04,17244
22100948,2022-03-04,15927
22100947,2022-03-04,0
22100950,2022-03-04,16178
22100953,2022-03-04,17071
22100958,2022-03-05,17136
22100955,2022-03-05,0
22100954,2022-03-05,20060
22100959,2022-03-05,18997
22100956,2022-03-05,19704
22100957,2022-03-05,17794
22100967,2022-03-06,14962
22100966,2022-03-06,0
22100960,2022-03-06,19156
22100962,2022-03-06,19432
22100964,2022-03-06,18055
22100961,2022-03-06,17495
22100963,2022-03-06,13937
22100965,2022-03-06,15079
22100968,2022-03-07,14942
22100528,2022-03-07,19542
22100971,2022-03-07,16035
22100973,2022-03-07,0
22100969,2022-03-07,20381
22100970,2022-03-07,19600
22100972,2022-03-07,20077
22100974,2022-03-07,14720
22100975,2022-03-08,17230
22100977,2022-03-08,14024
22100978,2022-03-08,16433
22100979,2022-03-08,15743
22100980,2022-03-08,18064
22100976,2022-03-08,14066
22100992,2022-03-09,15282
22100987,2022-03-09,15633
22100986,2022-03-09,16191
22100984,2022-03-09,17341
22100989,2022-03-09,15121
22100983,2022-03-09,19600
22100985,2022-03-09,18055
22100988,2022-03-09,0
22100990,2022-03-09,18306
22100991,2022-03-09,14697
22100981,2022-03-09,18086
22100982,2022-03-09,18022
22100994,2022-03-10,0
22100993,2022-03-10,21408
22101000,2022-03-11,0
22100997,2022-03-11,19156
22101003,2022-03-11,17071
22100999,2022-03-11,15060
22101001,2022-03-11,16838
22100998,2022-03-11,19600
22100995,2022-03-11,14557
22101002,2022-03-11,15753
22101004,2022-03-11,18997
22100996,2022-03-11,16862
22101006,2022-03-12,21727
22101010,2022-03-12,18306
22101009,2022-03-12,18659
22101011,2022-03-12,17524
22101008,2022-03-12,18064
22101005,2022-03-12,19600
22101007,2022-03-12,14605
22101012,2022-03-13,18057
22101013,2022-03-13,19313
22101016,2022-03-13,17038
22101018,2022-03-13,0
22101019,2022-03-13,17071
22101015,2022-03-13,0
22101014,2022-03-13,19156
22101017,2022-03-13,15683
22101021,2022-03-14,16432
22101022,2022-03-14,21444
22101028,2022-03-14,18228
22101023,2022-03-14,15810
22101024,2022-03-14,14143
22101027,2022-03-14,18306
22101026,2022-03-14,15943
22101020,2022-03-14,18742
22101025,2022-03-14,18064
22101029,2022-03-15,15027
22101031,2022-03-15,19600
22101030,2022-03-15,15282
22101032,2022-03-15,16789
22101034,2022-03-16,19432
22101039,2022-03-16,17136
22101035,2022-03-16,15326
22101037,2022-03-16,18213
22101043,2022-03-16,15864
22101036,2022-03-16,17981
22101038,2022-03-16,18055
22101040,2022-03-16,14994
22101044,2022-03-16,19068
22101041,2022-03-16,0
22101033,2022-03-16,16648
22101042,2022-03-16,18064
22101045,2022-03-17,14369
22101047,2022-03-18,18062
22101050,2022-03-18,19812
22101048,2022-03-18,17732
22101046,2022-03-18,21428
22101051,2022-03-18,0
22101052,2022-03-18,19600
22101054,2022-03-18,18354
22101055,2022-03-18,18306
22101053,2022-03-18,13748
22101057,2022-03-18,15313
22101056,2022-03-18,17071
22101049,2022-03-18,19432
22101059,2022-03-19,19279
22101061,2022-03-19,20476
22101058,2022-03-19,17136
22101060,2022-03-19,19432
22101064,2022-03-20,0
22101066,2022-03-20,17583
22101063,2022-03-20,18055
22101067,2022-03-20,19812
22101070,2022-03-20,18064
22101065,2022-03-20,15012
22101069,2022-03-20,21180
22101068,2022-03-20,19602
22101062,2022-03-20,16067
22101076,2022-03-21,21778
22101072,2022-03-21,19432
22101073,2022-03-21,14923
22101074,2022-03-21,21386
22101078,2022-03-21,15345
22101075,2022-03-21,17887
22101077,2022-03-21,13936
22101071,2022-03-21,13351
22101079,2022-03-21,20077
22101082,2022-03-22,17983
22101081,2022-03-22,19812
22101083,2022-03-22,16089
22101080,2022-03-22,17164
22101090,2022-03-23,17136
22101092,2022-03-23,0
22101091,2022-03-23,14393
22101088,2022-03-23,19600
22101089,2022-03-23,17794
22101087,2022-03-23,19156
22101094,2022-03-23,16610
22101085,2022-03-23,16212
22101086,2022-03-23,14227
22101084,2022-03-23,16290
22101093,2022-03-23,18997
22101097,2022-03-24,18018
22101098,2022-03-24,13973
22101099,2022-03-24,19520
22101096,2022-03-24,16205
22101095,2022-03-24,19800
22101105,2022-03-25,16947
22101103,2022-03-25,19600
22101104,2022-03-25,17136
22101102,2022-03-25,17724
22101100,2022-03-25,19162
22101106,2022-03-25,19068
22101101,2022-03-25,18943
22101112,2022-03-26,17794
22101111,2022-03-26,19600
22101109,2022-03-26,19800
22101107,2022-03-26,13097
22101110,2022-03-26,19432
22101108,2022-03-26,16366
22101113,2022-03-26,19520
22101114,2022-03-26,17821
22101117,2022-03-27,20476
22101116,2022-03-27,0
22101119,2022-03-27,18516
22101115,2022-03-27,19304
22101120,2022-03-27,18166
22101118,2022-03-27,17071
22101121,2022-03-27,20177
22101128,2022-03-28,18055
22101127,2022-03-28,19800
22101122,2022-03-28,17614
22101123,2022-03-28,0
22101125,2022-03-28,19600
22101126,2022-03-28,19812
22101129,2022-03-28,17011
22101124,2022-03-28,14212
22101130,2022-03-28,18188
22101133,2022-03-29,17559
22101131,2022-03-29,21467
22101132,2022-03-29,15922
22101134,2022-03-29,20382
22101135,2022-03-29,19068
22101137,2022-03-30,0
22101136,2022-03-30,19432
22101142,2022-03-30,13365
22101144,2022-03-30,15821
22101146,2022-03-30,18551
22101145,2022-03-30,18064
22101143,2022-03-30,15595
22101140,2022-03-30,19812
22101139,2022-03-30,19156
22101141,2022-03-30,0
22101138,2022-03-30,16455
22101147,2022-03-31,20023
22101148,2022-03-31,17917
22101149,2022-03-31,0
22101150,2022-03-31,18306
22100452,2022-03-31,17491
22101160,2022-04-01,18997
22101151,2022-04-01,17566
22101157,2022-04-01,0
22101159,2022-04-01,0
22101158,2022-04-01,17512
22101155,2022-04-01,17794
22101154,2022-04-01,0
22101156,2022-04-01,18023
22101153,2022-04-01,19156
22101152,2022-04-01,17745
22101163,2022-04-02,18126
22101162,2022-04-02,19812
22101164,2022-04-02,21697
22101161,2022-04-02,21509
22101165,2022-04-02,18064
22101170,2022-04-03,19432
22101166,2022-04-03,19156
22101167,2022-04-03,17902
22101174,2022-04-03,17078
22101173,2022-04-03,16539
22101176,2022-04-03,17583
22101168,2022-04-03,18997
22101175,2022-04-03,15816
22101169,2022-04-03,17407
22101172,2022-04-03,19800
22101177,2022-04-03,16840
22101171,2022-04-03,15747
22101182,2022-04-05,19800
22101189,2022-04-05,17071
22101179,2022-04-05,16897
22101180,2022-04-05,17768
22101181,2022-04-05,19600
22101185,2022-04-05,14674
22101184,2022-04-05,17136
22101183,2022-04-05,20799
22101186,2022-04-05,17037
22101187,2022-04-05,18306
22101188,2022-04-05,16047
22101178,2022-04-05,15583
22101195,2022-04-06,19068
22101190,2022-04-06,18422
22101192,2022-04-06,17381
22101194,2022-04-06,18306
22101191,2022-04-06,19812
22101193,2022-04-06,21095
22101198,2022-04-07,18046
22101197,2022-04-07,19800
22101202,2022-04-07,18064
22101201,2022-04-07,0
22101199,2022-04-07,17136
22101200,2022-04-07,12432
22101196,2022-04-07,0
22101206,2022-04-08,19800
22101205,2022-04-08,18169
22101204,2022-04-08,0
22101211,2022-04-08,18997
22101210,2022-04-08,18306
22101209,2022-04-08,20174
22101203,2022-04-08,22088
22101208,2022-04-08,21461
22101207,2022-04-08,19993
22101213,2022-04-09,17207
22101214,2022-04-09,21171
22101215,2022-04-09,18627
22101212,2022-04-09,17568
22101230,2022-04-10,18123
22101222,2022-04-10,18210
22101219,2022-04-10,20270
22101223,2022-04-10,17441
22101229,2022-04-10,17071
22101224,2022-04-10,17136
22101228,2022-04-10,21459
22101227,2022-04-10,19253
22101226,2022-04-10,19812
22101216,2022-04-10,17967
22101217,2022-04-10,0
22101221,2022-04-10,18055
22101218,2022-04-10,19432
22101225,2022-04-10,16595
22101220,2022-04-10,19520
12100001,2021-10-03,16000
12100009,2021-10-04,15353
12100002,2021-10-04,8016
12100003,2021-10-04,19156
12100004,2021-10-04,19600
12100006,2021-10-04,15353
12100005,2021-10-04,5715
12100007,2021-10-04,10174
12100008,2021-10-04,13936
12100010,2021-10-04,7825
12100013,2021-10-05,11495
12100014,2021-10-05,15353
12100012,2021-10-05,11777
12100011,2021-10-05,10090
12100016,2021-10-06,11158
12100020,2021-10-06,0
12100019,2021-10-06,16923
12100018,2021-10-06,15841
12100017,2021-10-06,12407
12100021,2021-10-06,8122
12100015,2021-10-06,5423
12100023,2021-10-07,11732
12100022,2021-10-07,8916
12100024,2021-10-07,10491
12100031,2021-10-08,18064
12100030,2021-10-08,11927
12100028,2021-10-08,17853
12100027,2021-10-08,13909
12100026,2021-10-08,12770
12100025,2021-10-08,10024
12100029,2021-10-08,15160
12100034,2021-10-09,11027
12100033,2021-10-09,0
12100032,2021-10-09,19156
12100038,2021-10-10,13844
12100036,2021-10-10,10003
12100037,2021-10-10,12442
12100035,2021-10-10,12509
12100045,2021-10-11,4850
12100044,2021-10-11,15353
12100043,2021-10-11,15535
12100041,2021-10-11,14522
12100042,2021-10-11,10286
12100040,2021-10-11,19600
12100039,2021-10-11,9245
12100046,2021-10-12,7048
12100047,2021-10-12,0
12100054,2021-10-13,9772
12100048,2021-10-13,8583
12100053,2021-10-13,16016
12100052,2021-10-13,15353
12100051,2021-10-13,11226
12100050,2021-10-13,13519
12100049,2021-10-13,5997
12100055,2021-10-14,12527
12100056,2021-10-14,11210
12100057,2021-10-14,15353
12100058,2021-10-14,15353
12100059,2021-10-15,19600
12100066,2021-10-15,18064
12100065,2021-10-15,0
12100064,2021-10-15,12946
12100063,2021-10-15,14412
12100062,2021-10-15,12258
12100060,2021-10-15,7623
12100061,2021-10-15,6028
42100151,2022-04-16,17794
42100161,2022-04-16,18064
42100131,2022-04-16,0
42100171,2022-04-16,20013
42100141,2022-04-17,17071
42100121,2022-04-17,17717
42100111,2022-04-17,19156
42100101,2022-04-17,19514
42100172,2022-04-18,20113
42100162,2022-04-18,18064
42100132,2022-04-18,20974
42100142,2022-04-19,17071
42100152,2022-04-19,17794
42100102,2022-04-19,19950
42100122,2022-04-20,17688
42100112,2022-04-20,19156
42100133,2022-04-20,19800
42100153,2022-04-21,19634
42100173,2022-04-21,18306
42100163,2022-04-21,19627
42100103,2022-04-22,18421
42100143,2022-04-22,18962
42100123,2022-04-22,22667
42100134,2022-04-23,19800
42100174,2022-04-23,0
42100113,2022-04-23,18175
42100154,2022-04-23,19832
42100104,2022-04-24,18951
42100144,2022-04-24,18962
42100164,2022-04-24,19628
42100124,2022-04-24,22020
42100114,2022-04-25,18099
42100135,2022-04-25,20517
42100175,2022-04-25,0
42100155,2022-04-26,17794
42100145,2022-04-26,17071
42100105,2022-04-26,19553
42100125,2022-04-27,17506
42100165,2022-04-27,18064
42100176,2022-04-28,18306
42100136,2022-04-28,19800
42100146,2022-04-28,18710
42100156,2022-04-29,20323
42100231,2022-05-01,17794
42100211,2022-05-01,19156
42100201,2022-05-02,19620
42100221,2022-05-02,17071
42100212,2022-05-03,19156
42100232,2022-05-03,17794
42100202,2022-05-04,19759
42100222,2022-05-04,17071
42100223,2022-05-06,20777
42100203,2022-05-06,21033
42100213,2022-05-07,17736
42100233,2022-05-07,18064
42100224,2022-05-08,20610
42100204,2022-05-08,21194
42100214,2022-05-09,17505
42100234,2022-05-09,18064
42100225,2022-05-10,17071
42100205,2022-05-10,0
42100215,2022-05-11,19156
42100235,2022-05-11,17794
42100206,2022-05-12,21082
42100226,2022-05-12,20777
42100236,2022-05-13,18064
42100216,2022-05-13,17681
42100227,2022-05-15,17071
42100217,2022-05-15,19156
42100301,2022-05-17,19774
42100311,2022-05-18,18064
42100302,2022-05-19,20100
42100312,2022-05-20,18064
42100303,2022-05-21,19156
42100313,2022-05-22,20813
42100304,2022-05-23,0
42100314,2022-05-24,20810
42100305,2022-05-25,19819
42100315,2022-05-26,18064
42100306,2022-05-27,19156
42100307,2022-05-29,20200
42100401,2022-06-02,18064
42100402,2022-06-05,0
42100403,2022-06-08,19156
42100404,2022-06-10,19156
42100405,2022-06-13,18064
42100406,2022-06-16,19156
32100001,2022-02-20,15353
22200001,2022-10-18,19156
22200002,2022-10-18,18064
22200003,2022-10-19,20190
22200012,2022-10-19,18206
22200006,2022-10-19,18003
22200004,2022-10-19,15027
22200014,2022-10-19,17611
22200013,2022-10-19,17071
22200011,2022-10-19,16236
22200010,2022-10-19,17136
22200008,2022-10-19,19800
22200009,2022-10-19,18202
22200007,2022-10-19,19600
22200005,2022-10-19,17878
22200015,2022-10-20,20060
22200016,2022-10-20,18997
22200024,2022-10-21,18055
22200021,2022-10-21,0
22200027,2022-10-21,19393
22200025,2022-10-21,17136
22200020,2022-10-21,17822
22200026,2022-10-21,0
22200018,2022-10-21,12073
22200017,2022-10-21,0
22200023,2022-10-21,19812
22200022,2022-10-21,19600
22200019,2022-10-21,20476
22200034,2022-10-22,20377
22200032,2022-10-22,21089
22200028,2022-10-22,19822
22200033,2022-10-22,17341
22200030,2022-10-22,19299
22200029,2022-10-22,16056
22200036,2022-10-22,16296
22200035,2022-10-22,19983
22200031,2022-10-22,19600
22200041,2022-10-23,15044
22200043,2022-10-23,19068
22200037,2022-10-23,18997
22200038,2022-10-23,17383
22200040,2022-10-23,18665
22200042,2022-10-23,18064
22200039,2022-10-23,19432
22200044,2022-10-24,19786
22200046,2022-10-24,18800
22200045,2022-10-24,0
22200047,2022-10-24,17673
22200049,2022-10-24,17392
22200050,2022-10-24,15347
22200051,2022-10-24,18111
22200048,2022-10-24,16260
22200053,2022-10-25,14020
22200055,2022-10-25,17071
22200052,2022-10-25,13196
22200054,2022-10-25,13105
22200058,2022-10-26,19812
22200059,2022-10-26,19800
22200063,2022-10-26,18206
22200065,2022-10-26,18588
22200064,2022-10-26,19520
22200056,2022-10-26,15353
22200062,2022-10-26,16165
22200060,2022-10-26,17341
22200061,2022-10-26,18306
22200057,2022-10-26,17987
22200066,2022-10-27,18039
22200069,2022-10-27,15511
22200068,2022-10-27,18064
22200067,2022-10-27,14510
22200076,2022-10-28,17136
22200077,2022-10-28,16562
22200078,2022-10-28,19560
22200071,2022-10-28,18846
22200072,2022-10-28,19156
22200074,2022-10-28,13463
22200079,2022-10-28,17071
22200080,2022-10-28,19082
22200070,2022-10-28,18923
22200073,2022-10-28,19800
22200075,2022-10-28,17341
22200082,2022-10-29,19079
22200085,2022-10-29,17341
22200081,2022-10-29,14618
22200084,2022-10-29,19010
22200087,2022-10-29,18206
22200086,2022-10-29,0
22200083,2022-10-29,17732
22200090,2022-10-30,19432
22200091,2022-10-30,20190
22200094,2022-10-30,17071
22200089,2022-10-30,19156
22200095,2022-10-30,18997
22200093,2022-10-30,20042
22200088,2022-10-30,18142
22200092,2022-10-30,15053
22200099,2022-10-31,19800
22200098,2022-10-31,15770
22200101,2022-10-31,18206
22200100,2022-10-31,17341
22200102,2022-10-31,14887
22200097,2022-10-31,13746
22200096,2022-10-31,12020
22200106,2022-11-01,17071
22200105,2022-11-01,13109
22200103,2022-11-01,17732
22200104,2022-11-01,19600
22200108,2022-11-02,19855
22200117,2022-11-02,18997
22200112,2022-11-02,0
22200116,2022-11-02,19462
22200110,2022-11-02,19812
22200115,2022-11-02,19877
22200111,2022-11-02,17886
22200107,2022-11-02,19432
22200113,2022-11-02,17341
22200109,2022-11-02,19600
22200114,2022-11-02,12155
22200119,2022-11-03,13791
22200118,2022-11-03,18846
22200123,2022-11-04,17258
22200126,2022-11-04,12603
22200131,2022-11-04,18997
22200124,2022-11-04,19156
22200129,2022-11-04,17136
22200125,2022-11-04,17187
22200130,2022-11-04,17071
22200128,2022-11-04,18451
22200127,2022-11-04,20177
22200121,2022-11-04,13141
22200122,2022-11-04,20679
22200120,2022-11-04,18744
22200137,2022-11-05,16412
22200134,2022-11-05,17654
22200136,2022-11-05,17713
22200135,2022-11-05,19812
22200132,2022-11-05,18846
22200133,2022-11-05,19398
22200138,2022-11-05,19641
22200139,2022-11-05,17071
22200143,2022-11-06,16111
22200141,2022-11-06,0
22200140,2022-11-06,18997
22200142,2022-11-06,16877
22200155,2022-11-07,20011
22200154,2022-11-07,11574
22200156,2022-11-07,18064
22200148,2022-11-07,20347
22200153,2022-11-07,14524
22200150,2022-11-07,0
22200144,2022-11-07,13712
22200147,2022-11-07,14052
22200157,2022-11-07,18206
22200145,2022-11-07,15441
22200152,2022-11-07,17371
22200149,2022-11-07,0
22200151,2022-11-07,21142
22200146,2022-11-07,16223
22200158,2022-11-07,16516
22200162,2022-11-09,15845
22200170,2022-11-09,19068
22200166,2022-11-09,19621
22200161,2022-11-09,18165
22200171,2022-11-09,0
22200159,2022-11-09,14774
22200168,2022-11-09,15180
22200169,2022-11-09,13507
22200167,2022-11-09,16062
22200163,2022-11-09,19156
22200165,2022-11-09,19800
22200164,2022-11-09,18156
22200160,2022-11-09,14069
22200172,2022-11-10,18320
22200173,2022-11-10,16066
22200175,2022-11-10,0
22200174,2022-11-10,19600
22200177,2022-11-11,15879
22200182,2022-11-11,18064
22200178,2022-11-11,19812
22200176,2022-11-11,0
22200179,2022-11-11,16104
22200180,2022-11-11,15642
22200183,2022-11-11,17849
22200181,2022-11-11,16939
22200186,2022-11-12,20190
22200187,2022-11-12,13089
22200185,2022-11-12,0
22200190,2022-11-12,20277
22200191,2022-11-12,15367
22200189,2022-11-12,19600
22200184,2022-11-12,17777
22200188,2022-11-12,20245
22200197,2022-11-13,16410
22200196,2022-11-13,21602
22200193,2022-11-13,19432
22200198,2022-11-13,18040
22200192,2022-11-13,18325
22200195,2022-11-13,19761
22200194,2022-11-13,17667
22200200,2022-11-14,15018
22200205,2022-11-14,18064
22200203,2022-11-14,0
22200201,2022-11-14,19156
22200199,2022-11-14,16988
22200202,2022-11-14,19600
22200204,2022-11-14,17341
22200206,2022-11-15,14032
22200207,2022-11-15,19810
22200210,2022-11-15,17611
22200209,2022-11-15,19012
22200208,2022-11-15,18206
22200213,2022-11-16,12630
22200211,2022-11-16,14756
22200212,2022-11-16,16527
22200214,2022-11-16,18165
22200220,2022-11-16,17071
22200219,2022-11-16,18210
22200218,2022-11-16,19602
22200217,2022-11-16,0
22200216,2022-11-16,0
22200215,2022-11-16,0
22200221,2022-11-17,19393
22200222,2022-11-17,16522
22200223,2022-11-17,0
22200226,2022-11-18,19769
22200231,2022-11-18,17828
22200229,2022-11-18,17324
22200227,2022-11-18,21031
22200228,2022-11-18,15882
22200230,2022-11-18,20135
22200232,2022-11-18,18206
22200233,2022-11-18,18064
22200234,2022-11-18,18095
22200224,2022-11-18,18772
22200225,2022-11-18,19432
22200236,2022-11-19,14478
22200235,2022-11-19,18051
22200237,2022-11-19,20515
22200238,2022-11-19,19595
22200239,2022-11-19,18581
22200243,2022-11-20,18241
22200245,2022-11-20,18055
22200241,2022-11-20,14289
22200246,2022-11-20,20244
22200247,2022-11-20,18211
22200242,2022-11-20,17866
22200240,2022-11-20,17071
22200244,2022-11-20,19432
22200248,2022-11-21,19432
22200249,2022-11-21,14029
22200253,2022-11-21,18589
22200252,2022-11-21,16583
22200254,2022-11-21,15079
22200251,2022-11-21,17341
22200255,2022-11-21,19068
22200250,2022-11-21,20786
22200257,2022-11-22,16826
22200258,2022-11-22,19635
22200259,2022-11-22,17071
22200256,2022-11-22,20184
22200269,2022-11-23,14947
22200261,2022-11-23,19432
22200267,2022-11-23,17341
22200260,2022-11-23,16910
22200266,2022-11-23,19800
22200262,2022-11-23,15751
22200268,2022-11-23,13656
22200263,2022-11-23,18173
22200264,2022-11-23,19156
22200270,2022-11-23,18206
22200265,2022-11-23,19600
22200271,2022-11-23,18064
22200278,2022-11-25,16669
22200285,2022-11-25,16559
22200276,2022-11-25,15404
22200282,2022-11-25,18354
22200272,2022-11-25,17924
22200274,2022-11-25,19812
22200279,2022-11-25,17794
22200275,2022-11-25,19156
22200280,2022-11-25,17447
22200281,2022-11-25,16082
22200273,2022-11-25,0
22200283,2022-11-25,17071
22200277,2022-11-25,19600
22200284,2022-11-25,18064
22200286,2022-11-26,0
22200289,2022-11-26,17071
22200288,2022-11-26,18354
22200287,2022-11-26,15151
22200297,2022-11-27,16218
22200298,2022-11-27,17341
22200296,2022-11-27,19524
22200294,2022-11-27,19156
22200293,2022-11-27,17268
22200292,2022-11-27,16805
22200291,2022-11-27,17136
22200290,2022-11-27,17732
22200295,2022-11-27,18240
22200305,2022-11-28,16027
22200299,2022-11-28,19778
22200300,2022-11-28,13515
22200301,2022-11-28,19156
22200303,2022-11-28,19800
22200306,2022-11-28,18206
22200307,2022-11-28,16407
22200302,2022-11-28,15704
22200308,2022-11-28,0
22200304,2022-11-28,0
22200309,2022-11-29,14864
22200310,2022-11-29,20277
22200311,2022-11-29,17251
22200314,2022-11-30,19156
22200318,2022-11-30,14845
22200323,2022-11-30,17611
22200313,2022-11-30,0
22200321,2022-11-30,17071
22200315,2022-11-30,15963
22200322,2022-11-30,0
22200324,2022-11-30,18560
22200320,2022-11-30,16286
22200319,2022-11-30,15605
22200317,2022-11-30,0
22200312,2022-11-30,19432
22200316,2022-11-30,17277
22200325,2022-12-01,18106
22200334,2022-12-02,17071
22200335,2022-12-02,18206
22200332,2022-12-02,17022
22200328,2022-12-02,19156
22200336,2022-12-02,18064
22200329,2022-12-02,17732
22200330,2022-12-02,19432
22200327,2022-12-02,16974
22200326,2022-12-02,15231
22200333,2022-12-02,0
22200331,2022-12-02,17938
22200338,2022-12-03,16587
22200340,2022-12-03,19800
22200342,2022-12-03,18064
22200341,2022-12-03,17136
22200343,2022-12-03,18206
22200339,2022-12-03,18128
22200337,2022-12-03,18319
22200346,2022-12-04,18043
22200348,2022-12-04,19007
22200344,2022-12-04,15658
22200349,2022-12-04,19647
22200347,2022-12-04,20088
22200345,2022-12-04,16409
22200351,2022-12-04,17479
22200350,2022-12-04,17611
22200353,2022-12-05,16174
22200358,2022-12-05,20227
22200352,2022-12-05,13945
22200359,2022-12-05,18064
22200356,2022-12-05,15331
22200357,2022-12-05,0
22200354,2022-12-05,16301
22200355,2022-12-05,19800
22200361,2022-12-06,19600
22200360,2022-12-06,0
22200362,2022-12-06,19520
22200365,2022-12-07,18091
22200364,2022-12-07,16903
22200363,2022-12-07,14429
22200366,2022-12-07,19800
22200369,2022-12-07,17341
22200368,2022-12-07,15942
22200370,2022-12-07,15472
22200367,2022-12-07,19265
22200371,2022-12-07,14073
22200372,2022-12-07,18206
22200373,2022-12-07,17071
22200375,2022-12-08,13140
22200374,2022-12-08,19600
22200376,2022-12-08,0
22200385,2022-12-09,18206
22200381,2022-12-09,19432
22200386,2022-12-09,20277
22200379,2022-12-09,17008
22200378,2022-12-09,15039
22200384,2022-12-09,16381
22200380,2022-12-09,18072
22200382,2022-12-09,0
22200383,2022-12-09,0
22200377,2022-12-09,17696
22200394,2022-12-10,18324
22200391,2022-12-10,19528
22200388,2022-12-10,14280
22200392,2022-12-10,18064
22200390,2022-12-10,19432
22200393,2022-12-10,19636
22200387,2022-12-10,0
22200389,2022-12-10,18404
22200396,2022-12-11,20190
22200399,2022-12-11,19765
22200395,2022-12-11,18681
22200398,2022-12-11,16891
22200397,2022-12-11,19812
22200400,2022-12-11,0
22200401,2022-12-11,16268
22200402,2022-12-12,15309
22200404,2022-12-12,16544
22200406,2022-12-12,13434
22200405,2022-12-12,19877
22200407,2022-12-12,18021
22200408,2022-12-12,0
22200403,2022-12-12,16090
22200413,2022-12-13,18661
22200412,2022-12-13,18206
22200409,2022-12-13,19768
22200411,2022-12-13,15128
22200410,2022-12-13,17628
22200423,2022-12-14,14063
22200421,2022-12-14,20093
22200418,2022-12-14,18820
22200419,2022-12-14,0
22200420,2022-12-14,13657
22200417,2022-12-14,19800
22200414,2022-12-14,0
22200422,2022-12-14,19550
22200415,2022-12-14,15069
22200416,2022-12-14,16002
22200426,2022-12-15,18206
22200424,2022-12-15,16210
22200427,2022-12-15,15778
22200425,2022-12-15,17794
22200428,2022-12-16,17772
22200436,2022-12-16,20191
22200431,2022-12-16,19432
22200429,2022-12-16,17892
22200435,2022-12-16,0
22200434,2022-12-16,19661
22200437,2022-12-16,18505
22200430,2022-12-16,19156
22200433,2022-12-16,19800
22200432,2022-12-16,20567
22200443,2022-12-17,16895
22200444,2022-12-17,17071
22200438,2022-12-17,15018
22200439,2022-12-17,20160
22200441,2022-12-17,16217
22200440,2022-12-17,19432
22200442,2022-12-17,17587
22200446,2022-12-18,14513
22200449,2022-12-18,16294
22200447,2022-12-18,19488
22200448,2022-12-18,19800
22200451,2022-12-18,18153
22200445,2022-12-18,19156
22200450,2022-12-18,19235
22200453,2022-12-19,20408
22200459,2022-12-19,0
22200454,2022-12-19,17809
22200455,2022-12-19,0
22200456,2022-12-19,16627
22200458,2022-12-19,14672
22200457,2022-12-19,18271
22200452,2022-12-19,19432
22200460,2022-12-19,17803
22200463,2022-12-20,19812
22200462,2022-12-20,19969
22200464,2022-12-20,17071
22200465,2022-12-20,19605
22200461,2022-12-20,15622
22200466,2022-12-21,19432
22200471,2022-12-21,19294
22200476,2022-12-21,19068
22200475,2022-12-21,17611
22200469,2022-12-21,19156
22200474,2022-12-21,15107
22200472,2022-12-21,15965
22200468,2022-12-21,17226
22200473,2022-12-21,0
22200470,2022-12-21,18026
22200467,2022-12-21,20615
22200477,2022-12-22,0
22200478,2022-12-22,18206
22200484,2022-12-23,19432
22200492,2022-12-23,18997
22200490,2022-12-23,17071
22200491,2022-12-23,17894
22200485,2022-12-23,0
22200489,2022-12-23,19619
22200488,2022-12-23,15214
22200487,2022-12-23,16989
22200486,2022-12-23,19600
22200481,2022-12-23,17028
22200483,2022-12-23,0
22200482,2022-12-23,0
22200480,2022-12-23,19996
22200479,2022-12-23,18425
22200493,2022-12-25,19812
22200494,2022-12-25,20441
22200495,2022-12-25,0
22200496,2022-12-25,18064
22200497,2022-12-25,19642
22200504,2022-12-26,19530
22200498,2022-12-26,19432
22200503,2022-12-26,16351
22200500,2022-12-26,19911
22200499,2022-12-26,20190
22200501,2022-12-26,21561
22200502,2022-12-26,18636
22200511,2022-12-27,0
22200509,2022-12-27,19800
22200508,2022-12-27,16738
22200513,2022-12-27,18064
22200514,2022-12-27,17937
22200510,2022-12-27,18239
22200505,2022-12-27,0
22200507,2022-12-27,19156
22200506,2022-12-27,0
22200512,2022-12-27,20377
22200522,2022-12-28,17985
22200519,2022-12-28,21537
22200520,2022-12-28,18669
22200517,2022-12-28,0
22200515,2022-12-28,20190
22200516,2022-12-28,20476
22200521,2022-12-28,18064
22200518,2022-12-28,20221
22200524,2022-12-29,17274
22200526,2022-12-29,19800
22200525,2022-12-29,19156
22200527,2022-12-29,18354
22200523,2022-12-29,19425
22200528,2022-12-29,20307
22200537,2022-12-30,17946
22200535,2022-12-30,19638
22200533,2022-12-30,18018
22200536,2022-12-30,18064
22200534,2022-12-30,18656
22200529,2022-12-30,19040
22200532,2022-12-30,21667
22200531,2022-12-30,19800
22200530,2022-12-30,0
22200538,2022-12-31,0
22200542,2022-12-31,18354
22200540,2022-12-31,0
22200546,2022-12-31,18206
22200541,2022-12-31,18055
22200545,2022-12-31,17147
22200544,2022-12-31,16233
22200543,2022-12-31,17951
22200539,2022-12-31,19386
22200547,2023-01-01,17794
22200549,2023-01-01,19641
22200548,2023-01-01,17341
22200558,2023-01-02,18064
22200556,2023-01-02,18055
22200560,2023-01-02,0
22200555,2023-01-02,18224
22200552,2023-01-02,19432
22200557,2023-01-02,0
22200559,2023-01-02,19393
22200550,2023-01-02,19812
22200553,2023-01-02,14054
22200551,2023-01-02,19210
22200554,2023-01-02,20531
22200562,2023-01-03,16778
22200561,2023-01-03,17341
22200563,2023-01-03,18206
22200566,2023-01-04,18925
22200565,2023-01-04,19432
22200567,2023-01-04,0
22200574,2023-01-04,18997
22200573,2023-01-04,18064
22200575,2023-01-04,17611
22200571,2023-01-04,15434
22200570,2023-01-04,21418
22200569,2023-01-04,19800
22200572,2023-01-04,17295
22200564,2023-01-04,19249
22200568,2023-01-04,0
22200577,2023-01-05,20413
22200578,2023-01-05,16320
22200579,2023-01-05,19087
22200576,2023-01-05,0
22200585,2023-01-06,13107
22200590,2023-01-06,18997
22200586,2023-01-06,18636
22200581,2023-01-06,20766
22200580,2023-01-06,16548
22200582,2023-01-06,19800
22200583,2023-01-06,0
22200584,2023-01-06,0
22200588,2023-01-06,19638
22200587,2023-01-06,17136
22200589,2023-01-06,17071
22200595,2023-01-07,17611
22200592,2023-01-07,21694
22200594,2023-01-07,18064
22200591,2023-01-07,18354
22200593,2023-01-07,20300
22200599,2023-01-08,19901
22200596,2023-01-08,0
22200602,2023-01-08,16317
22200603,2023-01-08,17071
22200604,2023-01-08,19068
22200598,2023-01-08,15805
22200600,2023-01-08,17794
22200597,2023-01-08,19800
22200601,2023-01-08,18055
22200607,2023-01-09,18167
22200608,2023-01-09,16013
22200609,2023-01-09,19609
22200605,2023-01-09,16223
22200606,2023-01-09,19156
22200610,2023-01-09,16499
22200616,2023-01-10,18176
22200615,2023-01-10,18064
22200617,2023-01-10,15828
22200612,2023-01-10,20221
22200614,2023-01-10,18206
22200613,2023-01-10,19800
22200611,2023-01-10,19600
22200625,2023-01-11,16057
22200624,2023-01-11,18872
22200623,2023-01-11,16454
22200620,2023-01-11,17154
22200622,2023-01-11,18249
22200621,2023-01-11,19156
22200619,2023-01-11,17032
22200618,2023-01-11,0
22200628,2023-01-12,19600
22200627,2023-01-12,18125
22200629,2023-01-12,19800
22200631,2023-01-12,18105
22200630,2023-01-12,18997
22200626,2023-01-12,20892
22200632,2023-01-13,18989
22200634,2023-01-13,0
22200633,2023-01-13,16071
22200635,2023-01-13,68323
22200637,2023-01-13,16460
22200636,2023-01-13,21342
22200638,2023-01-13,18206
22200639,2023-01-13,16005
22200640,2023-01-13,17894
22200642,2023-01-14,0
22200641,2023-01-14,19620
22200644,2023-01-14,19800
22200643,2023-01-14,17274
22200647,2023-01-14,0
22200645,2023-01-14,17136
22200646,2023-01-14,18206
22200650,2023-01-15,20139
22200655,2023-01-15,18020
22200651,2023-01-15,18165
22200654,2023-01-15,19393
22200649,2023-01-15,17238
22200653,2023-01-15,19641
22200652,2023-01-15,0
22200648,2023-01-15,19894
22200662,2023-01-16,16477
22200659,2023-01-16,19812
22200664,2023-01-16,17657
22200661,2023-01-16,0
22200658,2023-01-16,19432
22200663,2023-01-16,17794
22200657,2023-01-16,17412
22200660,2023-01-16,20476
22200656,2023-01-16,19227
22200665,2023-01-17,17341
22200666,2023-01-17,13532
22200667,2023-01-17,18258
22200668,2023-01-17,15155
22200672,2023-01-18,16892
22200669,2023-01-18,19164
22200670,2023-01-18,20125
22200677,2023-01-18,0
22200676,2023-01-18,16112
22200671,2023-01-18,15678
22200673,2023-01-18,17736
22200674,2023-01-18,14748
22200675,2023-01-18,0
22200679,2023-01-19,19156
22200680,2023-01-19,16318
22200682,2023-01-19,18113
22200681,2023-01-19,17071
22200678,2023-01-19,0
22200685,2023-01-20,19432
22200691,2023-01-20,17932
22200690,2023-01-20,0
22200688,2023-01-20,19609
22200689,2023-01-20,18206
22200686,2023-01-20,20326
22200687,2023-01-20,15190
22200684,2023-01-20,17711
22200683,2023-01-20,19025
22200694,2023-01-21,17928
22200692,2023-01-21,19800
22200698,2023-01-21,17861
22200697,2023-01-21,17071
22200696,2023-01-21,17136
22200695,2023-01-21,0
22200693,2023-01-21,18171
22200700,2023-01-22,19261
22200701,2023-01-22,20026
22200702,2023-01-22,19557
22200704,2023-01-22,18064
22200705,2023-01-22,19393
22200699,2023-01-22,19600
22200703,2023-01-22,17071
22200706,2023-01-23,18011
22200712,2023-01-23,17821
22200707,2023-01-23,19196
22200711,2023-01-23,17874
22200709,2023-01-23,13811
22200710,2023-01-23,18206
22200708,2023-01-23,20938
22200713,2023-01-24,16102
22200718,2023-01-24,17071
22200719,2023-01-24,17604
22200715,2023-01-24,19812
22200716,2023-01-24,14699
22200717,2023-01-24,20077
22200714,2023-01-24,19705
22200721,2023-01-25,19772
22200725,2023-01-25,15079
22200720,2023-01-25,18846
22200723,2023-01-25,0
22200724,2023-01-25,14887
22200729,2023-01-25,17955
22200722,2023-01-25,15302
22200727,2023-01-25,18154
22200726,2023-01-25,18064
22200728,2023-01-25,17767
22200730,2023-01-26,19156
22200734,2023-01-26,17071
22200735,2023-01-26,16958
22200733,2023-01-26,0
22200732,2023-01-26,17697
22200731,2023-01-26,17732
22200739,2023-01-27,16236
22200736,2023-01-27,16090
22200737,2023-01-27,17136
22200738,2023-01-27,19788
22200740,2023-01-27,18064
22200741,2023-01-28,21255
22200742,2023-01-28,18100
22200744,2023-01-28,18846
22200747,2023-01-28,17692
22200746,2023-01-28,17136
22200748,2023-01-28,18354
22200750,2023-01-28,18206
22200743,2023-01-28,19411
22200749,2023-01-28,19156
22200745,2023-01-28,18448
22200751,2023-01-28,19393
22200753,2023-01-29,17794
22200752,2023-01-29,19254
22200754,2023-01-29,19432
22200755,2023-01-29,17341
22200759,2023-01-30,16854
22200760,2023-01-30,11970
22200758,2023-01-30,15342
22200756,2023-01-30,19812
22200761,2023-01-30,19777
22200762,2023-01-30,17071
22200763,2023-01-30,18262
22200757,2023-01-30,17924
22200764,2023-01-31,19432
22200765,2023-01-31,19812
22200767,2023-01-31,17341
22200766,2023-01-31,20068
22200768,2023-01-31,18868
22200774,2023-02-01,17136
22200775,2023-02-01,13207
22200770,2023-02-01,20885
22200771,2023-02-01,14589
22200772,2023-02-01,19156
22200773,2023-02-01,15181
22200776,2023-02-01,18206
22200777,2023-02-01,17071
22200779,2023-02-02,0
22200782,2023-02-02,19670
22200783,2023-02-02,19555
22200778,2023-02-02,17274
22200780,2023-02-02,19044
22200784,2023-02-02,0
22200781,2023-02-02,20072
22200790,2023-02-03,17136
22200785,2023-02-03,0
22200791,2023-02-03,0
22200789,2023-02-03,16585
22200788,2023-02-03,19156
22200787,2023-02-03,20476
22200786,2023-02-03,17274
22200792,2023-02-03,18206
22200794,2023-02-04,19788
22200795,2023-02-04,19812
22200793,2023-02-04,17732
22200796,2023-02-04,20135
22200797,2023-02-04,18008
22200799,2023-02-04,0
22200800,2023-02-04,18064
22200801,2023-02-04,0
22200798,2023-02-04,18886
22200802,2023-02-05,18510
22200803,2023-02-05,17274
22200805,2023-02-05,17794
22200806,2023-02-05,17136
22200807,2023-02-05,17779
22200804,2023-02-05,17586
22200812,2023-02-06,0
22200813,2023-02-06,18206
22200815,2023-02-06,18110
22200808,2023-02-06,17933
22200814,2023-02-06,18064
22200810,2023-02-06,16981
22200811,2023-02-06,19291
22200809,2023-02-06,16744
22200821,2023-02-07,18997
22200818,2023-02-07,16669
22200816,2023-02-07,0
22200817,2023-02-07,0
22200819,2023-02-07,17012
22200820,2023-02-07,18307
22200823,2023-02-08,16097
22200829,2023-02-08,18377
22200830,2023-02-08,18450
22200822,2023-02-08,19432
22200828,2023-02-08,18206
22200825,2023-02-08,19600
22200824,2023-02-08,19156
22200826,2023-02-08,19800
22200827,2023-02-08,15881
22200831,2023-02-09,18846
22200833,2023-02-09,16938
22200832,2023-02-09,17003
22200834,2023-02-09,0
22200845,2023-02-10,16614
22200835,2023-02-10,0
22200842,2023-02-10,0
22200837,2023-02-10,21057
22200843,2023-02-10,19424
22200844,2023-02-10,18111
22200841,2023-02-10,17794
22200836,2023-02-10,16522
22200840,2023-02-10,19600
22200838,2023-02-10,0
22200839,2023-02-10,19800
22200853,2023-02-11,18064
22200852,2023-02-11,19432
22200851,2023-02-11,19339
22200848,2023-02-11,18223
22200850,2023-02-11,17875
22200849,2023-02-11,18387
22200847,2023-02-11,19256
22200854,2023-02-11,18111
22200846,2023-02-11,17732
22200856,2023-02-12,19800
22200855,2023-02-12,19156
22200866,2023-02-13,18064
22200867,2023-02-13,0
22200865,2023-02-13,20325
22200858,2023-02-13,19432
22200863,2023-02-13,20767
22200864,2023-02-13,14920
22200862,2023-02-13,0
22200861,2023-02-13,19755
22200857,2023-02-13,14078
22200859,2023-02-13,15004
22200860,2023-02-13,19850
22200870,2023-02-14,17071
22200869,2023-02-14,17623
22200872,2023-02-14,18004
22200871,2023-02-14,16741
22200868,2023-02-14,19800
22200882,2023-02-15,18997
22200873,2023-02-15,14155
22200881,2023-02-15,19627
22200880,2023-02-15,14988
22200874,2023-02-15,15599
22200879,2023-02-15,16748
22200875,2023-02-15,21134
22200876,2023-02-15,17771
22200878,2023-02-15,17963
22200877,2023-02-15,19156
22200883,2023-02-16,20308
22200885,2023-02-16,17071
22200884,2023-02-16,17136
22200890,2023-02-23,19800
22200892,2023-02-23,18206
22200889,2023-02-23,21205
22200888,2023-02-23,0
22200894,2023-02-23,18041
22200893,2023-02-23,0
22200887,2023-02-23,16125
22200886,2023-02-23,19432
22200891,2023-02-23,20287
22200898,2023-02-24,17136
22200902,2023-02-24,0
22200901,2023-02-24,18064
22200899,2023-02-24,17071
22200895,2023-02-24,20476
22200896,2023-02-24,18065
22200897,2023-02-24,17676
22200900,2023-02-24,21286
22200908,2023-02-25,20993
22200909,2023-02-25,18206
22200907,2023-02-25,18302
22200906,2023-02-25,19812
22200905,2023-02-25,19231
22200904,2023-02-25,19109
22200903,2023-02-25,20190
22200915,2023-02-26,15147
22200918,2023-02-26,19689
22200917,2023-02-26,19215
22200916,2023-02-26,0
22200910,2023-02-26,17636
22200914,2023-02-26,0
22200913,2023-02-26,20411
22200911,2023-02-26,0
22200912,2023-02-26,21106
22200920,2023-02-27,20859
22200919,2023-02-27,14184
22200922,2023-02-27,16038
22200921,2023-02-27,19812
22200925,2023-02-28,19800
22200930,2023-02-28,18206
22200923,2023-02-28,17395
22200927,2023-02-28,17794
22200931,2023-02-28,18064
22200932,2023-02-28,17022
22200929,2023-02-28,20277
22200924,2023-02-28,17732
22200926,2023-02-28,15368
22200928,2023-02-28,13353
22200936,2023-03-01,19600
22200937,2023-03-01,19812
22200935,2023-03-01,19156
22200938,2023-03-01,15919
22200939,2023-03-01,17354
22200933,2023-03-01,19137
22200940,2023-03-01,0
22200934,2023-03-01,18098
22200941,2023-03-01,18566
22200945,2023-03-02,18064
22200942,2023-03-02,14643
22200944,2023-03-02,14617
22200943,2023-03-02,20002
22200955,2023-03-03,18997
22200952,2023-03-03,19641
22200953,2023-03-03,18064
22200954,2023-03-03,18111
22200948,2023-03-03,19156
22200951,2023-03-03,16538
22200950,2023-03-03,21169
22200949,2023-03-03,19600
22200947,2023-03-03,17521
22200946,2023-03-03,16683
22200956,2023-03-04,18174
22200957,2023-03-04,19432
22200958,2023-03-04,19600
22200960,2023-03-04,18100
22200961,2023-03-04,18111
22200959,2023-03-04,18354
22200969,2023-03-05,19156
22200973,2023-03-05,18746
22200967,2023-03-05,16721
22200968,2023-03-05,14778
22200966,2023-03-05,18846
22200965,2023-03-05,17921
22200964,2023-03-05,18997
22200963,2023-03-05,21225
22200970,2023-03-05,19068
22200962,2023-03-05,20311
22200971,2023-03-06,19432
22200976,2023-03-06,17708
22200975,2023-03-06,19520
22200974,2023-03-06,19600
22200977,2023-03-06,16989
22200972,2023-03-06,15008
22200982,2023-03-07,16142
22200769,2023-03-07,17855
22200978,2023-03-07,16110
22200980,2023-03-07,17136
22200979,2023-03-07,0
22200984,2023-03-07,18997
22200981,2023-03-07,0
22200983,2023-03-07,20277
22200989,2023-03-08,19896
22200987,2023-03-08,19600
22200988,2023-03-08,17473
22200985,2023-03-08,15087
22200986,2023-03-08,19156
22200991,2023-03-08,17397
22200990,2023-03-08,17071
22200994,2023-03-09,16552
22200993,2023-03-09,16027
22200996,2023-03-09,17794
22200992,2023-03-09,0
22200995,2023-03-09,17341
22200997,2023-03-09,18068
22201001,2023-03-10,17136
22200998,2023-03-10,21001
22200999,2023-03-10,0
22201002,2023-03-10,0
22201003,2023-03-10,18322
22201000,2023-03-10,19757
22201011,2023-03-11,17606
22201004,2023-03-11,19068
22201006,2023-03-11,20190
22201005,2023-03-11,17221
22201007,2023-03-11,17347
22201008,2023-03-11,17884
22201010,2023-03-11,17794
22201009,2023-03-11,18055
22201013,2023-03-11,17071
22201012,2023-03-11,18064
22201017,2023-03-12,0
22201016,2023-03-12,21220
22201014,2023-03-12,19739
22201015,2023-03-12,0
22201018,2023-03-12,17314
22201019,2023-03-12,18997
22201020,2023-03-13,18313
22201026,2023-03-13,18111
22201025,2023-03-13,18064
22201023,2023-03-13,20303
22201024,2023-03-13,0
22201022,2023-03-13,19721
22201021,2023-03-13,17799
22201028,2023-03-14,15279
22201033,2023-03-14,17071
22201034,2023-03-14,0
22201030,2023-03-14,18625
22201027,2023-03-14,14690
22201029,2023-03-14,19800
22201032,2023-03-14,13708
22201031,2023-03-14,0
22201036,2023-03-15,19794
22201041,2023-03-15,19068
22201037,2023-03-15,21886
22201035,2023-03-15,19432
22201039,2023-03-15,17136
22201038,2023-03-15,18055
22201040,2023-03-15,18354
22201045,2023-03-16,17797
22201046,2023-03-16,0
22201042,2023-03-16,17987
22201043,2023-03-16,18172
22201044,2023-03-16,19800
22201054,2023-03-17,18997
22201053,2023-03-17,19393
22201050,2023-03-17,20109
22201052,2023-03-17,15221
22201051,2023-03-17,15841
22201047,2023-03-17,19096
22201049,2023-03-17,19432
22201048,2023-03-17,0
22201055,2023-03-18,19812
22201056,2023-03-18,17533
22201060,2023-03-18,20094
22201057,2023-03-18,17274
22201058,2023-03-18,19800
22201059,2023-03-18,18529
22201061,2023-03-18,18396
22201062,2023-03-18,18206
22201063,2023-03-19,18235
22201064,2023-03-19,17897
22201065,2023-03-19,0
22201068,2023-03-19,17341
22201069,2023-03-19,18714
22201066,2023-03-19,20190
22201067,2023-03-19,14209
22201070,2023-03-19,18997
22201074,2023-03-20,16116
22201071,2023-03-20,12449
22201072,2023-03-20,21145
22201076,2023-03-20,18206
22201073,2023-03-20,19812
22201075,2023-03-20,17794
22201080,2023-03-21,0
22201077,2023-03-21,16096
22201079,2023-03-21,0
22201078,2023-03-21,17129
22201081,2023-03-21,18111
22201082,2023-03-21,19068
22201085,2023-03-22,19800
22201084,2023-03-22,0
22201088,2023-03-22,0
22201086,2023-03-22,20377
22201090,2023-03-22,17136
22201089,2023-03-22,17756
22201087,2023-03-22,0
22201091,2023-03-22,15353
22201092,2023-03-22,18435
22201083,2023-03-22,16508
22201094,2023-03-23,17732
22201096,2023-03-23,17307
22201095,2023-03-23,15749
22201093,2023-03-23,17607
22201103,2023-03-24,18064
22201106,2023-03-24,18997
22201105,2023-03-24,18151
22201104,2023-03-24,19393
22201098,2023-03-24,17004
22201102,2023-03-24,18206
22201101,2023-03-24,20347
22201100,2023-03-24,17851
22201099,2023-03-24,19800
22201097,2023-03-24,19156
22201109,2023-03-25,0
22201108,2023-03-25,0
22201107,2023-03-25,17699
22201111,2023-03-25,18151
22201110,2023-03-25,17071
22201112,2023-03-25,17702
22201115,2023-03-26,18056
22201118,2023-03-26,17862
22201117,2023-03-26,19432
22201119,2023-03-26,19800
22201114,2023-03-26,18997
22201113,2023-03-26,19264
22201120,2023-03-26,18626
22201121,2023-03-26,18064
22201116,2023-03-26,19156
22201123,2023-03-27,17022
22201128,2023-03-27,18151
22201122,2023-03-27,21090
22201129,2023-03-27,19068
22201124,2023-03-27,19812
22201127,2023-03-27,17943
22201126,2023-03-27,19781
22201125,2023-03-27,0
22201134,2023-03-28,15428
22201130,2023-03-28,20476
22201132,2023-03-28,19800
22201131,2023-03-28,17748
22201135,2023-03-28,18064
22201133,2023-03-28,16507
22201143,2023-03-29,18354
22201139,2023-03-29,20583
22201137,2023-03-29,17074
22201138,2023-03-29,19812
22201136,2023-03-29,16524
22201140,2023-03-29,21739
22201145,2023-03-29,18550
22201141,2023-03-29,16775
22201142,2023-03-29,15047
22201144,2023-03-29,17071
22201146,2023-03-30,18073
22201147,2023-03-30,19728
22201160,2023-03-31,17071
22201158,2023-03-31,18064
22201159,2023-03-31,18389
22201155,2023-03-31,15844
22201157,2023-03-31,18978
22201156,2023-03-31,16376
22201151,2023-03-31,16411
22201153,2023-03-31,17849
22201154,2023-03-31,19432
22201152,2023-03-31,19156
22201149,2023-03-31,16506
22201150,2023-03-31,20993
22201148,2023-03-31,18768
22201162,2023-04-01,18399
22201161,2023-04-01,20011
22201168,2023-04-02,19812
22201170,2023-04-02,18183
22201174,2023-04-02,17532
22201164,2023-04-02,17732
22201173,2023-04-02,19432
22201167,2023-04-02,0
22201165,2023-04-02,20944
22201169,2023-04-02,19431
22201172,2023-04-02,17981
22201171,2023-04-02,0
22201166,2023-04-02,18978
22201163,2023-04-02,16052
22201175,2023-04-02,19752
22201180,2023-04-04,0
22201186,2023-04-04,0
22201188,2023-04-04,17071
22201179,2023-04-04,19098
22201182,2023-04-04,0
22201184,2023-04-04,17558
22201185,2023-04-04,15799
22201181,2023-04-04,21104
22201183,2023-04-04,16924
22201176,2023-04-04,14965
22201177,2023-04-04,18453
22201178,2023-04-04,19449
22201187,2023-04-04,18064
22201196,2023-04-05,19068
22201195,2023-04-05,20271
22201191,2023-04-05,17727
22201193,2023-04-05,17679
22201192,2023-04-05,0
22201190,2023-04-05,16789
22201189,2023-04-05,18313
22201194,2023-04-05,17232
22201201,2023-04-06,17071
22201197,2023-04-06,0
22201200,2023-04-06,18206
22201199,2023-04-06,16023
22201198,2023-04-06,21178
22201206,2023-04-07,19156
22201212,2023-04-07,18997
22201211,2023-04-07,18253
22201210,2023-04-07,20313
22201209,2023-04-07,18656
22201208,2023-04-07,18010
22201205,2023-04-07,17627
22201207,2023-04-07,18177
22201203,2023-04-07,17274
22201204,2023-04-07,0
22201202,2023-04-07,19102
22201214,2023-04-08,16148
22201215,2023-04-08,19068
22201213,2023-04-08,18206
22201225,2023-04-09,18978
22201229,2023-04-09,17071
22201219,2023-04-09,19894
22201227,2023-04-09,19652
22201216,2023-04-09,19156
22201228,2023-04-09,18997
22201222,2023-04-09,15233
22201230,2023-04-09,19731
22201226,2023-04-09,16601
22201224,2023-04-09,20141
22201220,2023-04-09,19812
22201217,2023-04-09,17732
22201223,2023-04-09,21530
22201221,2023-04-09,19800
22201218,2023-04-09,19432
12200001,2022-09-30,20497
12200002,2022-09-30,9333
12200003,2022-10-01,13023
12200008,2022-10-02,15152
12200007,2022-10-02,10640
12200006,2022-10-02,17100
12200004,2022-10-02,20647
12200005,2022-10-02,19156
12200009,2022-10-03,13250
12200012,2022-10-03,17919
12200013,2022-10-03,18440
12200010,2022-10-03,13431
12200011,2022-10-03,12432
12200017,2022-10-04,15197
12200014,2022-10-04,14426
12200015,2022-10-04,0
12200016,2022-10-04,16322
12200019,2022-10-05,0
12200018,2022-10-05,9382
12200020,2022-10-05,19156
12200021,2022-10-05,15353
12200022,2022-10-05,8908
12200027,2022-10-06,10622
12200026,2022-10-06,11561
12200028,2022-10-06,0
12200025,2022-10-06,15353
12200024,2022-10-06,14058
12200023,2022-10-06,11449
12200034,2022-10-07,13309
12200029,2022-10-07,16119
12200031,2022-10-07,20305
12200035,2022-10-07,19360
12200033,2022-10-07,14395
12200032,2022-10-07,10902
12200030,2022-10-07,16510
12200036,2022-10-08,11563
12200041,2022-10-09,14250
12200038,2022-10-09,0
12200039,2022-10-09,18193
12200040,2022-10-09,18064
12200042,2022-10-09,16466
12200037,2022-10-09,0
12200043,2022-10-10,9478
12200046,2022-10-10,12505
12200045,2022-10-10,19600
12200044,2022-10-10,13648
12200047,2022-10-11,8723
12200048,2022-10-11,16006
12200049,2022-10-11,19356
12200050,2022-10-11,13887
12200051,2022-10-11,18064
12200059,2022-10-12,8812
12200057,2022-10-12,18754
12200058,2022-10-12,16085
12200052,2022-10-12,13072
12200056,2022-10-12,12544
12200055,2022-10-12,19600
12200053,2022-10-12,7081
12200054,2022-10-12,19778
12200060,2022-10-13,12104
12200061,2022-10-13,0
12200070,2022-10-14,15353
12200069,2022-10-14,15353
12200067,2022-10-14,15486
12200068,2022-10-14,15713
12200066,2022-10-14,12787
12200064,2022-10-14,21900
12200062,2022-10-14,7107
12200065,2022-10-14,0
12200063,2022-10-14,17063
42200161,2023-04-15,15353
42200111,2023-04-15,0
42200131,2023-04-15,15353
42200121,2023-04-15,20913
42200101,2023-04-16,15353
42200171,2023-04-16,17071
42200151,2023-04-16,18487
42200141,2023-04-16,19628
42200162,2023-04-17,18253
42200122,2023-04-17,20958
42200132,2023-04-18,19432
42200112,2023-04-18,19156
42200172,2023-04-18,17071
42200142,2023-04-19,19683
42200102,2023-04-19,15353
42200152,2023-04-19,17928
42200123,2023-04-20,17910
42200163,2023-04-20,0
42200173,2023-04-20,19068
42200113,2023-04-21,18536
42200143,2023-04-21,19536
42200133,2023-04-21,19812
42200174,2023-04-22,19068
42200153,2023-04-22,18997
42200103,2023-04-22,19734
42200124,2023-04-22,18037
42200134,2023-04-23,19812
42200114,2023-04-23,19144
42200144,2023-04-23,18978
42200164,2023-04-23,18064
42200104,2023-04-24,19614
42200154,2023-04-24,18997
42200145,2023-04-25,19691
42200175,2023-04-25,17071
42200115,2023-04-25,19156
42200165,2023-04-26,18253
42200105,2023-04-26,18113
42200155,2023-04-26,18117
42200135,2023-04-26,19432
42200116,2023-04-27,19176
42200166,2023-04-28,18064
42200156,2023-04-28,18997
42200221,2023-04-29,19762
42200201,2023-04-30,19812
42200167,2023-04-30,18253
42200211,2023-05-01,0
42200222,2023-05-01,19592
42200231,2023-05-02,18064
42200202,2023-05-02,19812
42200212,2023-05-03,19156
42200232,2023-05-04,18064
42200223,2023-05-05,17071
42200213,2023-05-05,21290
42200233,2023-05-06,18997
42200203,2023-05-06,19927
42200214,2023-05-07,21264
42200224,2023-05-07,17071
42200234,2023-05-08,18997
42200204,2023-05-08,19769
42200215,2023-05-09,19156
42200225,2023-05-09,19773
42200205,2023-05-10,19812
42200235,2023-05-10,18064
42200216,2023-05-11,21337
42200226,2023-05-11,17071
42200236,2023-05-12,18997
42200206,2023-05-12,19737
42200217,2023-05-14,19156
42200311,2023-05-16,19633
42200301,2023-05-17,19156
42200312,2023-05-18,19742
42200302,2023-05-19,19156
42200313,2023-05-20,18997
42200303,2023-05-21,20088
42200314,2023-05-22,18997
42200304,2023-05-23,20147
42200305,2023-05-25,19156
42200306,2023-05-27,20201
42200307,2023-05-29,19156
42200401,2023-06-01,19528
42200402,2023-06-04,19537
42200403,2023-06-07,20019
42200404,2023-06-09,20184
42200405,2023-06-12,19537
32200001,2023-02-19,17886
